Key,Arabic
"""Costa Rica""","""كوستاريكا"""
"""the status""~5","""الوضع القانوني""~5"
*please keep this key secret and don't share it.,*يرجى الحفاظ على سرية هذا الرمز وعدم مشاركته مع أي شخص.
+ Add data source,+ إضافة مصدر بيانات
+ Add filter,+ إضافة مرشح
+ click to select multiple cards.,+ انقر لتحديد عدة بطاقات.
198?,198?
2FA,التوثيق الثنائي (2FA)
2FA Enabled,تم تمكين المصادقة الثنائية (2FA)
A default template cannot be deleted.,لا يمكن حذف القالب الافتراضي.
A friendly hand for serious work — I'll act in the context shown above.,يد ودودة لعمل جاد — سأتصرف وفقاً للسياق الموضح أعلاه.
A generated ID will be the default title.,سيكون معرف تم إنشاؤه العنوان.
A source template must,يجب أن يستوفي القالب المصدر ما يلي:
A target template needs to have the following properties,يجب أن يتضمن القالب المستهدف الخصائص التالية
A valid email is required,البريد الإلكتروني مطلوب
A → Z,أ → ي
Accept,قبول
Accept all,قبول الكل
Accepted suggestion on entity,اقتراح مقبول بشأن الكيان
Accepting suggestions,قبول الاقتراحات
Accessibility checks need attention,تحتاج عمليات التحقق من إمكانية الوصول إلى مزيد من الاهتمام
Account,حساب
Account locked,الحساب مقفل
Account unlocked successfully,تم إلغاء قفل الحساب بنجاح
Account updated,تم تحديث الحساب
Accuracy,الدقة
Accuracy tooltip,تُعرَّف الدقة بعدد حالات التطابق مقابل حالات عدم التطابق في العينات المصنفة التي تمت معالجتها.
Action,عمل/ إجراء
Actions,الإجراءات
Activate,تفعيل
Activated,تم تنشيطه
Active filters,المرشحات النشطة
Active languages,اللغات النشطة
Active primary,الملف الأساسي النشط
Activity,النشاط
Activity log,سجل النشاطات
Activity Log,سجل النشاطات
Add,ضف
Add / remove favorite,إضافة/ إزالة المفضلة
Add a type below.,أضف نوعًا أدناه.
Add an account to the app by scanning the provided QR code with your mobile device or by inserting the provided key.,أضف حسابًا إلى التطبيق عن طريق مسح رمز الاستجابة السريعة (QR) المرفق باستخدام جهازك المحمول أو عن طريق إدخال المفتاح المرفق.
Add as,إضافة كـ
Add data source,إضافة مصدر بيانات
Add date,إضافة تاريخ
Add entities / documents,إضافة كيانات (أو إدخالات)/ مستندات
Add entity,إضافة كيان
Add entity type,إضافة نوع الكيان
Add Extractor,إضافة أداة استخراج
Add extractor,إضافة أداة استخراج
Add file,اضف ملف
Add from URL,إضافة من عنوان URL
Add from web,أضف من الويب
Add group,إضافة مجموعة
add icon,أضف أيقونة
Add icon,إضافة رمز
Add item,إضافة عنصر
Add link,إضافة رابط
Add or remove relationship types for this collection.,إضافة أنواع العلاقات أو إزالتها من هذه المجموعة.
Add page,إضافة صفحة
Add PDF,إضافة ملف PDF
Add people or groups,إضافة أشخاص أو مجموعات
Add property,إضافة خاصية
Add relationship,إضافة علاقة
Add relationship type,إضافة نوع العلاقة
Add template,إضافة قالب
Add thesaurus,أضف قائمة المفردات
Add thesaurus value,إضافة قيمة إلى المكنز
Add timelink,إضافة رابط زمني
Add to all languages,إضافة إلى جميع اللغات
Add to table of contents,أضف إلى جدول المحتويات
Add to ToC,إضافة إلى جدول المحتويات
Add to training set,إضافة إلى مجموعة التدريب
Add translation,إضافة ترجمة
Add user,إضافة مستخدم
add value,إضافة قيمة
Add/delete users and assign roles,إضافة / حذف المستخدمين وتعيين الأدوار
Add/edit translations,إضافة / تحرير الترجمات
Added language,لغة مضافة
Added new user,تمت إضافة مستخدم جديد
"Added relation type ""{name}""","تمت إضافة نوع العلاقة ""{name}"""
added to hub with the following errors:,تمت إضافته إلى المركز مع الأخطاء التالية:
added to hub.,أُضيفت إلى المركز.
Adding a group and its items.,إضافة مجموعة وعناصرها.
Adding items to the thesauri,إضافة عناصر إلى المكنز
Adjust a few colors; secondary text and muted backgrounds update automatically.,قم بتعديل بعض الألوان؛ وسيتم تحديث النص الثانوي والخلفيات ذات الألوان الهادئة تلقائيًا.
Admin,مشرف
Administrators and Editors,المشرفون (أو المسؤولون) والمحررون
Administrators and Editors always have edit access,يتمتع المسؤولون والمحررون دائمًا بحق الوصول للتحرير
Admins,المسؤولون
Advanced colors,ألوان متقدمة
Advanced ECharts overrides,تجاوزات ECharts المتقدمة
ALL,الكل
All,الكل
"All changes will be lost, are you sure you want to proceed?",ستحذف جميع التغييرات، هل أنت متأكد أنك تريد المتابعة؟
All data,جميع البيانات
All editing options will be disabled.,سيتم تعطيل جميع خيارات التحرير.
All of the paragraphs will be deleted,سيتم حذف جميع الفقرات
All of the previously created paragraphs will be deleted and recreated after the process.,سيتم حذف جميع الفقرات التي تم إنشاؤها سابقًا وإعادة إنشائها بعد انتهاء العملية.
Allow captcha bypass,السماح بتجاوز اختبار كابتشا
Allow public embedding without login,السماح بالتضمين العام دون تسجيل الدخول
Already exists,موجود بالفعل
Already the same value.,القيمة نفسها بالفعل.
Amount,العدد
An admin needs to add relationship types before you can create a relationship.,يجب على المسؤول إضافة أنواع العلاقات قبل أن تتمكن من إنشاء علاقة.
An error has occured while deleting a language:,حدث خطأ أثناء حذف إحدى اللغات:
An error has occured while installing languages:,حدث خطأ أثناء تثبيت اللغات:
An error has occurred,حدث خطأ
An error has occurred during data export,حدث خطأ أثناء تصدير البيانات
An error has occurred while installing languages:,حدث خطأ أثناء تثبيت اللغات:
An error has occurred while uninstalling a language:,حدث خطأ أثناء إلغاء تثبيت إحدى اللغات:
An error occurred,حدث خطأ
Analytics,التحليلات
Analytics description,إذا كنت ترغب في تتبع الإحصاءات المتعلقة بزيارات مجموعتك، فإن Uwazi يدعم كل من Google Analytics وMatomo.
AND OR NOT,AND OR NOT
Any,أي
Any entity,أي كيان
any single character,أي حرف واحد
Any type,أي نوع
Anyone can see this entity,يمكن لأي شخص رؤية هذا الكيان
Appearance,الظهور
Apply,تطبيق
Are you sure you want to continue?,هل أنت متأكد من أنك تريد المتابعة؟
Are you sure you want to delete,هل أنت متأكد من أنك تريد حذف
"Are you sure you want to delete the selected visualizations? This action cannot be
              undone.","هل أنت متأكد من رغبتك في حذف العروض المرئية المحددة؟ لا يمكن
 التراجع عن هذا الإجراء."
Are you sure you want to delete this attachment?,هل أنت متأكد من رغبتك في حذف هذا المرفق؟
Are you sure you want to delete this connection?,هل أنت متأكد من رغبتك في حذف هذا الاتصال؟
Are you sure you want to delete this entity?,هل أنت متأكد من أنك تريد حذف هذا الكيان؟
Are you sure you want to delete this file?,هل أنت متأكد من رغبتك في حذف هذا الملف؟
Are you sure you want to delete this item?,هل أنت متأكد من أنك تريد حذف هذا العنصر؟
Are you sure you want to delete this relationship? This action cannot be undone.,هل أنت متأكد من رغبتك في حذف هذه العلاقة؟ لا يمكن التراجع عن هذا الإجراء.
Are you sure you want to delete this visualization? This action cannot be undone.,هل أنت متأكد من رغبتك في حذف هذا العرض المرئي؟ لا يمكن التراجع عن هذا الإجراء.
Are you sure?,هل أنت متأكد؟
Ask Bert,اسأل Bert
Attachment,المرفق
Attachment deleted,تم حذف المرفق
Attachment renamed,تم تغيير اسم المرفق
Attachment uploaded,تم تحميل المرفق
Attachments,المرفقات
Authentication code,رمز المصادقة
Auto,Auto
auto created,تم إنشاؤه تلقائيًا
Auto-accept suggestions,القبول التلقائي للاقتراحات
auto-created,منشأ تلقائياً
Auto-translate,Auto-translate
Automatic Table of Contents,جدول محتويات تلقائي
Automatically generated,منشأ تلقائياً
Available default translation,الترجمة الافتراضية المتاحة
Back,عودة
Back to,العودة إلى
Back to details,العودة إلى التفاصيل
Back to search,العودة إلى البحث
Bad Request,طلب غير صحيح
Basic,أساسي
Bert,Bert
Bidirectional,ثنائي الاتجاه
Body,يجب الاطلاع على السياق لتحديد الترجمة الأنسب
boolean,منطقية
Browse files to upload,تصفح الملفات المراد تحميلها
"by ids, methods, keywords, etc.",حسب معرّفات الهوية (IDs) والطرق والكلمات المفتاحية، وما إلى ذلك.
By logging in you accept the essential session cookie required to stay signed in.,بمجرد تسجيل الدخول، فإنك توافق على ملف تعريف الارتباط الضروري للجلسة والمطلوب للحفاظ على حالة تسجيل الدخول.
Can edit,إمكانية التحرير
Can see,إمكانية الرؤية
Can view,إمكانية المعاينة
Cancel,الغاء
cancel csv import,قم بإلغاء عملية الاستيراد. سيؤدي ذلك إلى إيقاف إنشاء كيانات جديدة. ولن تتأثر الكيانات التي تم إنشاؤها بالفعل
Canceling,الإلغاء
Canceling...,جاري الإلغاء...
Cancelled,تم إلغاؤه
Cannot connect to server,يتعذر الاتصال بالخادم
Cannot find extractor,تعذر العثور على أداة الاستخراج
Captcha,حروف التحقق
Captcha bypass,"بتفعيل هذا الخيار، يمكنك السماح للمستخدمين بالإرسال إلى القوالب المدرجة في القائمة البيضاء دون الحاجة إلى تعبئة رمز التحقق (CAPTCHA).
سيظل النموذج يعرض رمز التحقق للمستخدمين النهائيين، لكن نقطة نهاية API ستسمح بعمليات الإرسال دون التحقق من CAPTCHA إذا تم إرسال
ترويسة ""Bypass-Captcha: true"" مع الطلب. هذا الخيار غير آمن ويمكن استغلاله لإغراق نسختك من التطبيق برسائل غير مرغوب فيها أو محتوى ضار."
Cards,بطاقات
Cards view,معاينة البطاقات
Category,الفئة
Change,تغيير
Change Password,تغيير كلمة المرور
Changes in the thesaurus will impact all the entities using these values.,ستؤثر التغييرات التي تُجرى على المكنز اللغوي على جميع الكيانات التي تستخدم هذه القيم.
Changing the type will erase all relationships to this entity.,سيؤدي تغيير النوع إلى محو جميع العلاقات المرتبطة بهذا الكيان.
Character support description,"يعزز هذا الخيار دعم اللغات غير اللاتينية كلغات افتراضية لمجموعتك.
سيؤدي تحديد هذا الخيار إلى تحديث جميع خصائص القالب تلقائيًا. وقد تستغرق العملية عدة دقائق. ومن المرجح أن يؤدي تحديد هذا الخيار إلى تغيير عناوين URL الخاصة بفلاتر المكتبة. ونتيجة لذلك، إذا كانت لديك قوائم أو روابط تستخدم هذه العناوين، فمن المحتمل أن تتوقف عن العمل.
وستحتاج إلى تحديثها يدويًّا. بعد تحديد هذا الخيار، لن تتمكن من العودة إلى استخدام طريقة تسمية الخصائص القديمة. إذا لم تكن تواجه مشكلات مع أسماء خصائص القالب، فننصحك بترك هذا الخيار غير محدد."
Character support process warning,قد تستغرق هذه العملية عدة دقائق، ومن المرجح أن تؤدي إلى تغيير عناوين URL لتتوافق مع فلاتر المكتبة. إذا كانت لديك قوائم أو روابط تستخدم مثل هذه العناوين، فمن المحتمل أن تتوقف عن العمل بعد التحديث. وسيتعين عليك تحديثها يدويًّا.
Character support revert warning,بعد تحديد هذا الخيار، لن تتمكن من العودة إلى استخدام طريقة التسمية القديمة للخصائص. إذا لم تكن تواجه أي مشكلات تتعلق بأسماء خصائص القالب، فننصحك بترك هذا الخيار غير محدد.
Chart,الرسم البياني
Chart options,خيارات الرسم البياني
Chart theme,سمة المخطط
Chart type,نوع المخطط
Chart type uses a custom view,يستخدم نوع المخطط طريقة عرض مخصصة
Check to make this instance public (non-logged in users can see public documents and entities),حدد هذا الخيار لجعل هذه الحالة عامة (يمكن للمستخدمين غير المسجلين الاطلاع على المستندات والكيانات العامة)
Checking which images fit the requirements,التحقق من الصور التي تتوافق مع المتطلبات...
Choose,اختر
Choose relation type,اختر نوع العلاقة
Choose which data to use for training,اختر البيانات التي تريد استخدامها للتدريب
Chrome header,الشريط العلوي
Clear,مسح
Clear all,مسح الكل
Clear All,مسح الكل
Clear all filters,مسح جميع عوامل التصفية
Clear coordinates,مسح الإحداثيات
Clear Filters,مسح عوامل التصفية
Clear PDF selection,مسح التحديد في ملف PDF
Clear search,مسح البحث
Click,انقر
Click to fill,انقر للتعبئة
Click to select an image,انقر لاختيار صورة
Click to select audio or video,انقر لاختيار ملف صوتي أو فيديو
Click to select files,انقر لاختيار الملفات
Close,غلق
Code,الكود
Collaborator,متعاون/ مساهم
Collaborators,المتعاونون
Collapse all,طي الكل
Collapse All,طي الكل
Collection,المجموعة
Collection Name,اسم المجموعة
Colors,الألوان
Colors come from the server data layer. Preview shows assigned bucket colors when available.,تأتي الألوان من طبقة بيانات الخادم. تعرض المعاينة ألوان المجموعات المخصصة، إن وجدت.
Columns,الأعمدة
combine or exclude terms,دمج المصطلحات أو استبعادها
Comfortable,مريح
Common sources,المصادر الشائعة
Compact,مضغوط
Completed,مكتمل
Completed with errors,مكتمل مع وجود أخطاء
Config,الإعدادات
Configuration,الإعدادات
Configure filters,ضبط قوائم تصفيه البيانات
Configure templates,تكوين القوالب
Confirm,تأكيد
CONFIRM,تأكيد
Confirm action,تأكيد الإجراء
Confirm delete connection,تأكيد حذف الاتصال
Confirm delete multiple items,هل ترغب في حذف كل العناصر المختارة؟
Confirm deletion,تأكيد الحذف
Confirm deletion of,تأكيد حذف
Confirm deletion of entity,تأكيد حذف الكيان
Confirm deletion of file,تأكيد حذف الملف
Confirm new password,تأكيد كلمة المرور الجديدة
Confirm your password,تأكيد كلمة المرور
Connect to a paragraph,الاتصال بفقرة
Connect to an entity,الاتصال بكيان ما
Connect to entity,الاتصال بالكيان
Connected entities,الكيانات المرتبطة
Connected to server,متصل بالخادم
Connection type,نوع الاتصال
Contact email description,هنا يمكنك إعداد عنوان البريد الإلكتروني الخاص بالجهة المسؤولة وعنوان البريد الإلكتروني الذي يظهر عندما ترسل Uwazi إشعارًا إلى أحد المستخدمين
Contact Form,استمارة اتصال
Contact form email,البريد الإلكتروني الخاص بنموذج الاتصال
Contains,يحتوي على
Content translations,ترجمة المحتوى
Context,السياق
Continue,تابع
Conversion failed,فشل التحويل
Cookie preferences,تفضيلات ملفات تعريف الارتباط
Copied,تم النسخ
Copied to clipboard,تم نسخه إلى الحافظة
Copy,نسخ
Copy From,النسخ من
Copy from,النسخ من
Copy from this entity,النسخ من هذا الكيان
Copy from...,نسخ من...
Copy Highlighted,نسخ المظلل
Copy link,نسخ الرابط
Copy properties to this entity from,انسخ الخصائص إلى هذا الكيان (الإدخال) من
Copy to clipboard,نسخ إلى الحافظة
Could not add media. Please try again.,تعذر إضافة الملفات. يرجى المحاولة مرة أخرى.
Could not be processed,لا يمكن معالجتها
Could not create entity,تعذر إنشاء الكيان
Could not detect the area for the selected text,تعذر تحديد منطقة النص المحدد، يرجى محاولة التحديد مرة أخرى.
Could not load suggestions.,تعذر تحميل الاقتراحات.
Could not reach server. Please try again later.,تعذر الاتصال بالخادم. يرجى المحاولة مرة أخرى لاحقًا.
Count,العدد
Create,أنشئ
CREATE,أنشئ
Create a type to continue.,أنشئ نوعًا للمتابعة.
Create and edit thesauri,إنشاء وتحرير قوائم المرادفات
Create Connection,إنشاء اتصال
Create entity,إنشاء كيان
Create Entity,إنشاء كيان
Create Extractor,إنشاء أداة استخراج
Create new entities and upload documents,إنشاء كيانات جديدة وتحميل المستندات
Create new entity from selection,إنشاء كيان جديد من العناصر المحددة
Create Reference,إنشاء مرجع
Create relationship,إنشاء علاقة
Create relationship types,إنشاء أنواع العلاقات
Create relationships and references,إنشاء العلاقات والمراجع
Create table of contents,إنشاء فهرس
Create visualization,إنشاء عرض مرئي
Created,تم إنشاؤه
Created entity,الكيان الذي تم إنشاؤه
Created entity coming from a public form,كيان تم إنشاؤه من نموذج عام
Created page,تم إنشاء الصفحة
Created relation type,نوع العلاقة التي تم إنشاؤها
Created relationship,علاقة تم إنشاؤها
Created template,تم إنشاء القالب
Created thesaurus,تم إنشاء قاموس المرادفات
Created user group,تم إنشاء مجموعة مستخدمين
Creating entities,إنشاء الكيانات
Creating relationships,إنشاء العلاقات
Creating thesauri,إنشاء قواميس المرادفات
Creation date,تاريخ الإنشاء
CSS,CSS
csv blank state message,استيراد ملفات CSV أو ZIP لإنشاء كيانات بشكل جماعي. حدد **+ استيراد CSV** للبدء.
CSV Import,استيراد ملف CSV
CSV import cancelled,تم إلغاء استيراد ملف CSV
CSV import completed,اكتمل استيراد ملف CSV
CSV import failed,فشل استيراد ملف CSV
CSV or ZIP up to 50MB,ملف CSV أو ZIP بحجم يصل إلى 50 ميغابايت
Ctrl K,Ctrl K
Current Value/Suggestion,القيمة الحالية/الاقتراح
"Custom colors are not available for this chart type. Use the chart palette or template
            colors instead.","الألوان المخصصة غير متوفرة لهذا النوع من المخططات. استخدم لوحة ألوان المخطط أو
ألوان القوالب بدلاً من ذلك."
Custom component error,خطأ في ترميز المكوّن المخصص: قيم غير مدعومة! يرجى التحقق من إعداداتك
Custom CSS,CSS تنسيق
Custom Favicon,أيقونة مفضلة مخصصة
Custom JS,جافا سكريبت مخصص
Custom landing page,صفحة هبوط مخصصة
custom page error warning,حدث خطأ غير متوقع في هذه الصفحة المخصصة، وقد لا تعمل بشكل صحيح. يرجى الاتصال بأحد المسؤولين للحصول على مزيد من التفاصيل.
Custom Uploads,تحميل مخصص
Customize,تخصيص
Customized,مخصّص
Dark,مظلم
Dark Theme,السمة الداكنة
Dashboard,لوحة التحكم
Data may be outdated.,قد تكون البيانات قديمة.
Data source,مصدر البيانات
Data sources,مصادر البيانات
Data visualizations,تصورات البيانات
Data was updated recently. You can refresh again in a few seconds.,تم تحديث البيانات مؤخرًا. يمكنك تحديث الصفحة مرة أخرى بعد بضع ثوانٍ.
Date,التاريخ
Date added,تم إضافة التاريخ
Date modified,تاريخ التعديل
"Date or numeric × numeric enables scatter and heatmap. Line, area, and bar plot the
                measure over the primary dimension (e.g. max engine size per registration date).","يتيح استخدام «التاريخ» أو «رقم × رقم» عرض مخطط الانتشار وخريطة الحرارة. أما مخططات الخطوط والمساحة والأعمدة، فترسم
القيمة وفقًا للبعد الأساسي (مثل: الحجم الأقصى للمحرك حسب تاريخ التسجيل)."
"Date or numeric × select enables line and area charts with one line per breakdown
                value over time.","التاريخ أو الرقم × ""تحديد"" يتيح إنشاء مخططات خطية ومساحية بخط واحد لكل قيمة تفصيلية
على مدار الزمن."
Date range,النطاق الزمني
Day,يوم
"Deep-merged onto the generated ECharts option. Use for fine-tuning options not exposed in
          the Chart tab.","مدمجة بشكل عميق في خيار ECharts الذي تم إنشاؤه. تُستخدم لضبط الخيارات التي لا تظهر في
علامة التبويب «الرسم البياني»."
Default,الافتراضي
Default date format,تنسيق التاريخ الافتراضي
Default filter,عامل تصفية افتراضي
Default language,اللغة الافتراضية
Default language change success,نجاح تغيير اللغة الافتراضية
Default template,القالب الافتراضي
Default template set successfully.,تم تعيين القالب الافتراضي بنجاح.
Default View,العرض الافتراضي
Delete,حذف
DELETE,حذف
Delete entities and documents,حذف الكيانات والمستندات
Delete file,مسح الملف
Delete relationship,حذف العلاقة
Delete relationships,حذف العلاقات
Delete?,حذف؟
Deleted attachment,ملحق محذوف
Deleted custom file,تم حذف ملف مخصص
Deleted entity,كيان محذوف
Deleted file,ملف محذوف
Deleted multiple entities,تم حذف عدة كيانات
Deleted page,صفحة محذوفة
Deleted relation type,نوع العلاقة المحذوف
Deleted relationship,علاقة محذوفة
Deleted successfully.,تم الحذف بنجاح.
Deleted template,قالب محذوف
Deleted thesaurus,قاموس مرادفات محذوف
Deleted user,مستخدم محذوف
Deleted user group,مجموعة مستخدمين محذوفة
Deletion success,تم الحذف بنجاح
Density,الكثافة
Description,وصف
Deselect all,إلغاء تحديد الكل
Details,التفاصيل
Direction,الاتجاه
Disable,تعطيل
Disable highlights,تعطيل التمييز بالألوان
Disabled 2FA,تم تعطيل المصادقة الثنائية (2FA)
Discard,تجاهل
Discard changes,تجاهل التغييرات
Discard changes?,هل تريد إلغاء التغييرات؟
Dismiss,إغلاق
Display entity view from page,عرض معاينة الكيان (الإدخال) من الصفحة
Display options,خيارات العرض
Do you want disable 2FA for the following users?,هل تريد تعطيل المصادقة الثنائية (2FA) للمستخدمين التاليين؟
Do you want reset the password for the following users?,هل تريد إعادة تعيين كلمة المرور للمستخدمين التاليين؟
Do you want to delete the following items?,هل تريد حذف العناصر التالية؟
Document,مستند
Document contents,محتويات المستند
Document OCR trigger,مشغل التعرف الضوئي على الحروف (OCR) للوثيقة
Document Title,عنوان المستند
Document updated,تم تحديث الوثيقة
Documentation,توثيق
documents,وثائق
Documents,وثائق
documents.,مستندات
Done,تم
Done creating entities,تم الانتهاء من إنشاء الكيانات
Done creating relationships,تم إنشاء العلاقات
Done creating thesauri,تم الانتهاء من إنشاء قوائم المرادفات
Done extracting files,تم استخراج الملفات
Done scanning,انتهى المسح
Download,تحميل
Download a third-party authenticator app from your mobile store.,قم بتنزيل تطبيق مصادقة تابع لجهة خارجية من متجر التطبيقات على هاتفك المحمول.
Download all,تنزيل الكل
Download failed rows,تنزيل الصفوف التي فشل تحميلها
Draft restored from release.,تم استعادة المسودة من الإصدار.
Drag and drop file in this window to upload,اسحب الملف وأفلته في هذه النافذة للتحميل
Drag row,سحب الصف
Drop your files here to upload or,اسحب ملفاتك هنا للتحميل أو
Duplicate values not allowed.,لا يُسمح بتكرار القيم.
Duplicated email,بريد إلكتروني مكرر
Duplicated name,اسم مكرر
Duplicated username,اسم المستخدم مكرر
Duration,المدة
e.g.,على سبيل المثال:
Each series uses the template brand color when comparing data sources.,تستخدم كل سلسلة لون العلامة التجارية النموذجي عند مقارنة مصادر البيانات.
Earlier,في وقت سابق
Edit,تحرير
Edit at source,التحرير من المصدر
Edit date,تاريخ التعديل
Edit Extractor,تحرير المستخرج
Edit File,تحرير الملف
Edit group,تحرير المجموعة
Edit item,تحرير العنصر
Edit metadata of entities,تحرير البيانات الوصفية للكيانات
Edit theme,تعديل السمة
Edit user,تعديل المستخدم
Edited,تم تحريره
Editor,محرر
editor,محرر
Editors,المحررون
Email,بريد إلكتروني
Embed,تضمين
Embed in pages,تضمين في الصفحات
Empty,فارغة
Empty group. Drop here to add,مجموعة فارغة. اسحب هنا لإضافة
empty property tip,لن تتمكن من حفظ الكيان إذا كانت هذه الخاصية فارغة.
Enable,تمكين
Enable public embedding to use this chart in external sites on private instances.,قم بتمكين ميزة التضمين العام لاستخدام هذا المخطط في مواقع خارجية على مثيلات خاصة.
Enable this page to be used as an entity view page:,مكن هذه الصفحة لاستخدامها صفحة معاينة الكيان/ الإدخال
Enter the 6-digit verification code generated by your Authenticator app,أدخل رمز التحقق المكون من 6 أرقام الذي أنشأه تطبيق Authenticator الخاص بك
"Enter the full username, email, or group name. Suggestions are not shown.",أدخل اسم المستخدم الكامل أو عنوان البريد الإلكتروني أو اسم المجموعة. لا تظهر الاقتراحات.
Enter your current password to confirm,أدخل كلمة مرورك الحالية للتأكيد
Entities,الكيانات
entities,الكيانات
Entities across all languages,الكيانات في جميع اللغات
Entities created,الكيانات التي تم إنشاؤها
Entities updated,الكيانات التي تم تحديثها
entities · generated,الكيانات · تم إنشاؤها
Entity,كيان
Entity creation stage completed.,اكتملت مرحلة إنشاء الكيان.
Entity deleted,تم حذف الكيان
Entity Page,صفحة الكيان
Entity saved,تم حفظ الكيان
Entity scope,نطاق الكيان
Entity type,نوع الكيان
Entity types,أنواع الكيانات
Entity updated,تم تحديث الكيان
Error,خطأ
Error adding thesauri.,حدث خطأ أثناء إضافة قواميس المرادفات.
Error loading your image,حدث خطأ أثناء تحميل صورتك
Error saving template.,حدث خطأ أثناء حفظ القالب.
Error updating thesauri.,حدث خطأ أثناء تحديث قوائم المرادفات.
Every language has a value — use the re-translate button on a row,Every language has a value — use the re-translate button on a row
evidence,دليل
exact phrase,العبارة بالضبط
Expand all,توسيع كل العناصر
Expand All,توسيع الكل
Export CSV,تصدير ملف القيم المفصولة بفواصل
Exporting entities to CSV,تصدير كيانات (إدخالات) إلى ملف القيم المفصولة بفواصل
Extension Token,رمز الإضافة
External embed,التضمين الخارجي
Extract new paragraphs,استخراج فقرات جديدة
Extract paragraphs,استخراج الفقرات
Extracting files,استخراج الملفات
Extracting files from uploaded package.,جاري استخراج الملفات من الحزمة التي تم تحميلها.
Extraction configuration,إعدادات الاستخراج
Extractor Name,اسم المستخرج
Extractor name,اسم المستخرج
Extractor/s deleted,تم حذف المُستخرج/المُستخرجات
Extractors,المستخرجات
Failed,فشل
Failed to mark table of contents as reviewed,فشل وضع علامة «تمت مراجعته» على جدول المحتويات
Failed to save table of contents,فشل حفظ جدول المحتويات
Failure details,تفاصيل الفشل
Favicon description,"الرمز المفضل (favicon) هو رمز صغير يمثل مجموعتك في علامات تبويب المتصفح والإشارات المرجعية. الرمز المفضل الافتراضي هو شعار Uwazi. لاستخدام رمزك الخاص:

1. قم بتحميل الرمز الخاص بك في قسم «التحميلات المخصصة» إذا لزم الأمر.
2. انقر على «تحديد صورة الرمز المفضل» واختر ملفًا (الصور من «التحميلات المخصصة» فقط).
3. أعد تحميل الصفحة لترى الرمز المفضل الخاص بك قيد الاستخدام."
Favicon no images hint,تلميح بشأن عدم وجود صور لرمز الموقع (Favicon)
FEATURED,مميز
File,ملف
file,ملف
File deleted,تم حذف الملف
File details,تفاصيل الملف
File extraction completed successfully.,تم استخراج الملف بنجاح.
File name,اسم الملف
File preview unavailable,معاينة الملف غير متاحة
File updated,تم تحديث الملف
Files,الملفات
files,الملفات
Files and database usage,استخدام الملفات وقواعد البيانات
Fill,تعبئة
Filter,تصفية
Filter unauthorized relationships,بشكل افتراضي، تكون العلاقات التي تشير إلى كيانات محظورة مرئية للمستخدمين المجهولين، لكنها غير مرتبطة. وعند تمكين هذه الميزة، تُخفى هذه العلاقات تمامًا، مما يمنع المستخدمين العاديين من معرفة وجود محتوى محظور.
Filters,قوائم تصفيه البيانات
Filters AND operator,و
Filters configuration,ضبط قوائم تصفية البيانات
Filters configuration description,بشكل افتراضي، يمكن للمستخدمين تصفية الكيانات الموجودة في المكتبة استنادًا إلى الأنواع التي قمت بتعريفها. ومع ذلك، يمكنك تكوين طريقة عرض أنواع الكيانات هذه:
Filters configuration example,"اختر ""إضافة مجموعة"" أدناه لتجميع عوامل التصفية تحت تسمية، مثل (""مستندات"" أو ""أشخاص"")"
Filters OR operator,او
Filters saved,تم حفظ المرشحات
Find,بحث
Find suggestions,العثور على اقتراحات
Find suggestions after training,اطلع على الاقتراحات بعد التدريب
Find suggestions for,اطلع على اقتراحات بشأن
Find suggestions for selected,اطلع على اقتراحات بشأن مجموعة مختارة من
Finding suggestions,البحث عن اقتراحات
Fit,متوافق
Flag,علم
for,من أجل
For all entities,لجميع الكيانات
For entities with blank values,بالنسبة للكيانات التي تحتوي على قيم فارغة
Forgot Password or Username?,هل نسيت كلمة المرور أو اسم المستخدم؟
Forms and email configuration,تكوين النماذج والبريد الإلكتروني
From,من
From all suggestions,من بين جميع الاقتراحات
From previous step,من الخطوة السابقة
From selection,من قائمة الاختيار
From:,من:
Full mode,الوضع الكامل
Full width,العرض الكامل
General,عام
General access,الوصول العام
General Information,معلومات عامة
Generated ID,المعرّف الذي تم إنشاؤه
Global CSS,خاصية CSS العالمية
Global CSS & JS,CSS و JS العالمية
Global JS,JS العام
Google,جوجل
Google Analytics,جوجل أناليتيكس
Google Maps,خرائط جوجل
Group,المجموعة
Group by,التجميع حسب
group expressions,تجميع التعبيرات
Group Options,خيارات المجموعة
Group saved,تم حفظ المجموعة
Group updated,تم تحديث المجموعة
Grouped geolocation properties,خصائص تحديد الموقع الجغرافي المجمعة
Groups,مجموعات
Header and button preview,معاينة العنوان والزر
Header bar active background,خلفية شريط العنوان النشط
Header bar background,خلفية شريط العنوان
Header bar divider,فاصل شريط العنوان
Header bar hover background,خلفية شريط العنوان عند تمرير المؤشر فوقه
Header bar text,نص شريط العنوان
help,مساعدة
here,هنا
"Hi, I'm Bert.",مرحبًا، أنا Bert.
Hide,إخفاء
Hide actions,إخفاء الإجراءات
Hide details,إخفاء التفاصيل
Hide label,إخفاء التسمية
Hide restricted relationships from public,إخفاء العلاقات المقيدة عن الجمهور
Hide toolbar,إخفاء شريط الأدوات
HTML,HTML
https://yourdomain,https://yourdomain
hub,المحور
hubs,محاور
Hybrid,هجين
Icon,أيقونة
ID,رقم التعريف
ID:,رقم التعريف:
"If an account exists with the email you provided, you will receive an email
                        with instructions to reset your password.","إذا كان هناك حساب مسجل بالبريد الإلكتروني الذي أدخلته، فستتلقى رسالة بريد إلكتروني
تحتوي على إرشادات لإعادة تعيين كلمة مرورك."
"If it is an external URL, use a fully formed URL. Ie. http://www.uwazi.io.",إذا كان الرابط خارجيًا، فاستخدم رابطًا كاملاً. على سبيل المثال: http://www.uwazi.io.
"If you want to continue, please type",إذا كنت ترغب في المتابعة، يرجى كتابة
Image doesn't match the required size.,الصورة لا تتوافق مع الحجم المطلوب.
Import,استيراد
Import / Export CSV,استيراد / تصدير ملفات CSV
Import asset,استيراد الأصول
Import CSV,استيراد ملف القيم المفصولة بفواصل
Import failed. Review details below.,فشل الاستيراد. راجع التفاصيل أدناه.
Import finished successfully.,تمت عملية الاستيراد بنجاح.
Import finished with errors. Review details below.,انتهى الاستيراد وحدثت أخطاء. يرجى مراجعة التفاصيل أدناه.
Import is currently processing rows.,تجري عملية الاستيراد حالياً معالجة الصفوف.
Import is retrying after an error.,يتم إعادة محاولة الاستيراد بعد حدوث خطأ.
Import theme instance file,استيراد ملف مثيل السمة
Import was cancelled.,تم إلغاء عملية الاستيراد.
Imported translations from file,ترجمات مستوردة من ملف
in,في
"In a group, either all relationships must have a hub or none of them.",في أي مجموعة، إما أن تكون جميع العلاقات مرتبطة بمحور واحد، أو لا تكون أي منها مرتبطة بأي محور.
In OCR queue,جاري التعرف الضوئي علي الحروف
In use,قيد الاستخدام
Include all entities,تضمين جميع الكيانات
Include only public,تضمين الكيانات العامة فقط
Incoming,الواردة
Info,معلومات
Information extraction training,التدريب على استخراج المعلومات
Inherit,توريث
Inherit property,وراثة خاصية
Inherit type,نوع التوريث
"Inherited values are read-only. Change the connection above, or edit the source entity.",القيم الموروثة هي قيم للقراءة فقط. قم بتعديل الاتصال المذكور أعلاه، أو قم بتحرير الكيان المصدر.
inherits,يرث
Input,الإدخال
Input type,نوع الإدخال
Install,تثبيت
Install Language(s),تثبيت اللغة (اللغات)
Install the browser extension.,قم بتثبيت ملحق المتصفح.
Installing languages,تثبيت اللغات
"Instructions on how to achieve this will vary according to the app used, please refer to the app's documentation.",ستختلف الإرشادات المتعلقة بكيفية القيام بذلك باختلاف التطبيق المستخدم، لذا يرجى الرجوع إلى وثائق التطبيق.
Instructions to reset password,إذا كان عنوان البريد الإلكتروني المُقدم صحيحًا، فسنرسل إليك تعليمات لإعادة تعيين كلمة المرور.
Instructions to reset the password were sent to the user,تم إرسال تعليمات إعادة تعيين كلمة المرور إلى المستخدم
Invalid captcha,حروف التحقق غير صحيحة
Invalid csv: all the values for a row must be either nested or non-nested,ملف CSV غير صالح: يجب أن تكون جميع القيم في كل صف إما متداخلة أو غير متداخلة
Invalid csv: nested value need to be under a non-nested value,ملف CSV غير صالح: يجب أن تكون القيمة المتداخلة تحت قيمة غير متداخلة
Invalid form,المدخلات غير صحيحة او غير مكتمله. رجاء التصحيح واعادج المحاولة
Invalid URL,عنوان URL غير صالح
It could also very easily break the app. Only write code here if you know exactly what you are doing.,من الممكن أيضاً كسر التطبيق بسهولة بالغة. اكتب فقط الرمز هنا إذا كنت على دراية تامة بما تفعله
it has been logged with request id #,تم تسجيله برقم الطلب #
Item,العنصر
Items:,العناصر:
Javascript,جافا سكريبت
juris*,قانون*
key,مفتاح
Label,التسمية
"Label date ""From""",من:
"Label date ""to""",إلى:
Labeled,مُصنَّفة
Landing page,الصفحة الرئيسية
Landing page description,"الصفحة المقصودة هي أول صفحة يراها الزوار عند وصولهم إلى مجموعتك. الصفحة المقصودة الافتراضية هي مكتبة مجموعتك. يمكنك تعيين صفحة مقصودة مختلفة بإضافة رابطها النسبي هنا. على سبيل المثال:

صفحة: */page/dicxg0oagy3xgr7ixef80k9*
عرض مُصفّى في Uwazi: */library/?searchTerm=test*
كيان: */entity/9htbkgpkyy7j5rk9*
مستند: */document/4y9i99fadjp833di*

مهم: يجب استخدام روابط نسبية. تبدأ هذه الروابط بشرطة مائلة ولا تتضمن اسم النطاق. على سبيل المثال: في العنوان *https://yoursite.com/landingpage*، الرابط النسبي هو /landingpage"
Language,لغة
Language Code,رمز اللغة
Language deleted,حذفت اللغة
Language reset success,تمت إعادة ضبط اللغة بنجاح
Language uninstalled successfully,تم إلغاء تثبيت اللغة بنجاح
Language(s),اللغة (اللغات)
Language:,اللغة:
Languages,اللغات
Languages installed successfully,تم تثبيت اللغات بنجاح
Last updated,آخر تحديث
Last updated from collection:,آخر تحديث من المجموعة:
Latitude,خط العرض
Latitude must be between -90 and 90,يجب أن يكون خط العرض بين -90 و90
Learn how to add and configure a contact form on a webpage.,تعرف على كيفية إضافة نموذج اتصال وتهيئته على صفحة ويب.
Learn how to build your first collection,تعرف على كيفية إنشاء مجموعتك الأولى
Learn more,اعرف المزيد
Learn more about the components.,تعرف على المزيد عن المكونات.
Legend,مفتاح مصطلحات الخريطة
Lengthy reindex process,عملية إعادة الفهرسة المطولة
Library,مكتبة
library list view,معاينة القائمة المكتبية
library map view,معاينة خريطة المكتبة
library table view,معاينة جدول المكتبة
Light,فاتح
Light Theme,السمة الفاتحة
Link,رابط
linked,مرتبط
List,قائمة
List renders as a table. Use the options below to filter empty or zero values.,يتم عرض القائمة في شكل جدول. استخدم الخيارات أدناه لتصفية القيم الفارغة أو التي تساوي صفرًا.
Live preview,معاينة مباشرة
Live translate,الترجمة الفورية
Load,تحميل
Load example,تحميل مثال
Load more,تحميل المزيد
Loading,جاري التحميل
Local time,التوقيت المحلي
Login,تسجيل الدخول
Login button,زر تسجيل الدخول
Login failed,فشل عملية الدخول
Logout,تسجيل خروج
Longitude,خط الطول
Longitude must be between -180 and 180,يجب أن يكون خط الطول بين -180 و180
Lookup help,مساعدة في البحث
Lost connection to the server. Your changes may be lost,انقطع الاتصال بالخادم. قد تُفقد التغييرات التي أجريتها
low,منخفض/ أدنى/ قليل/ صغير
Machine translated — editing this row clears the marker,Machine translated — editing this row clears the marker
Manage relationship types,إدارة أنواع العلاقات
Manage site settings and configuration,إدارة إعدادات الموقع
Manage types,إدارة الأنواع
Manual data,البيانات اليدوية
Manually set a color,تعيين لون يدويًّا
Map,خريطة
Map api key,مفتاح واجهة برمجة تطبيقات الخرائط
Map API key,مفتاح واجهة برمجة تطبيقات الخرائط
Map api key tooltip,يلزم وجود مفتاح واجهة برمجة التطبيقات (API) لاستخدام Mapbox أو خرائط Google.
Map Layers,طبقات الخريطة
Map layers description,وصف طبقات الخريطة
Map Provider,مزود الخرائط
Map view,عرض الخريطة
Mapbox,Mapbox
Mapping conflict error,"يلزم إعادة فهرسة مجموعتك. قد يختلف السبب
        -- بدءًا من تغييرات معينة أُجريت على إحدى خصائص القالب وصولًا إلى حقول جديدة
        يلزم تعبئتها عبر الكيانات.
        لن تؤثر هذه العملية سلبًا على البيانات في مجموعتك.
        قد تستغرق بضع دقائق، وقد تحتاج بعض أجزاء مجموعتك إلى بعض الوقت
        لتظهر مجددًا في المكتبة، لكن هذا أمر مؤقت. هل تريد المتابعة؟"
Maps,خرائط
Mark as Reviewed,ضع علامة للإشارة إلى خضوعه للمراجعة
Mark as reviewed,"وضع علامة ""تمت المراجعة"""
Markdown,ماركداون
"Markdown support in custom pages will be discontinued starting in 2027. Upgrade this page
          when its content no longer relies on Markdown syntax.","سيتم إيقاف دعم لغة «ماركداون» في الصفحات المخصصة اعتبارًا من عام 2027. قم بتحديث هذه الصفحة
عندما لا يعتمد محتواها بعد الآن على صيغة «ماركداون»."
marked and labeled,مميزة وموسومة
marked for training,مُحدد للتدريب
Marked for training + all labeled entries,المحددة للتدريب + جميع الإدخالات المُصنَّفة
Marked for training only,محدد للتدريب فقط
Match,مطابق
match,نتيجة
match verbatim,مطابقة حرفية
matches,نتائج
"matches jurisdiction, jurists, jurisprudence",يطابق: قانون، قانوني، قانونية
Matches show the passage and the page they are on.,تُظهر النتائج المقطع والصفحة التي توجد فيها.
Matching,المطابقة
matching,المطابقة
Matomo,ماتومو
Members,أعضاء
Menu,قائمة التحكم
Message,رسالة
Message sent,تم إرسال الرسالة
Metadata,البيانات الوصفية
Metadata Extraction,استخلاص البيانات الوصفية
"Metric shows a single total count. Select Pie, Bar, or another chart type above to
            configure categories, labels, and slices. Use the Appearance tab for colors.","يعرض المقياس الرقم الإجمالي مرة واحدة. حدد «دائرة» أو «شريط» أو أي نوع آخر من المخططات أعلاه من أجل
تكوين الفئات والتسميات والشرائح. استخدم علامة التبويب «المظهر» لتعيين الألوان."
MIGRATE,الترحيل
Minimum,الحد الأدنى
Mismatch,عدم التطابق
mismatched passwords,كلمات المرور غير متطابقة
mismatching,عدم التطابق
Mixed access,وصول مختلط
ML TOC,جدول محتويات ML
Modified,آخر تعديل
Month,شهر
Months,الأشهر
More,المزيد
more,المزيد
more options.,مزيد من الخيارات
More rows per screen; same type size,صفوف أكثر في الشاشة؛ بنفس حجم الخط
Multi-source mode,وضع المصادر المتعددة
Multiple date,تواريخ متعددة
Multiple date range,نطاق تواريخ متعددة
Multiple inherited properties warning ([property 1] affects [property 2]),يؤثر
Multiple matches found,تم العثور على عدة نتائج
Multiple relationships edit description,سيؤثر إجراء تغييرات على هذه الخاصية على الخصائص الأخرى في هذا القالب، لأنها جميعًا ترتبط بنفس التكوين.
Multiple select,التحديد المتعدد
Name,اسم
Name is required,الاسم مطلوب
Name is too long,الاسم طويل جداً
Name is too short,الاسم قصير جداً
Narrow down your searches,ضيق نطاقات بحثك
"Narrow entities before aggregation. With multiple sources, pick the property under the
        source alias so each filter applies only to that series.","قم بتحديد الكيانات قبل التجميع. في حالة وجود مصادر متعددة، اختر الخاصية الموجودة تحت
الاسم المستعار للمصدر بحيث ينطبق كل مرشح على تلك السلسلة فقط."
Narrow your search,ضيق نطاق بحثك
Navigate back,الرجوع
Navigation menu tool tip part 1,إذا كان الرابط (URL) داخليًّا ضمن هذا الموقع الإلكتروني، فاحرص على حذف الجزء الأول منه
Navigation menu tool tip part 2,بحيث لا يتبقى سوى عنوان URL نسبي يبدأ بعلامة الشرطة المائلة. على سبيل المثال: /some_url.
New,جديد
New activity will show up here.,ستظهر الأنشطة الجديدة هنا.
New conversation,محادثة جديدة
New entity,كيان جديد
New group,مجموعة جديدة
New language added,أضيفت لغة جديدة
New page,صفحة جديدة
New password,كلمة المرور الجديدة
New primary doc,مستند أساسي جديد
New relation type label…,تسمية جديدة لنوع العلاقة…
New relationship type,نوع جديد من العلاقات
New relationships group,مجموعة علاقات جديدة
New Relationships Migration,ترحيل العلاقات الجديدة
New user,مستخدم جديد
Next,التالي
No,لا
No attachments,لا توجد مرفقات
No audio or video on this entity,لا يوجد صوت أو فيديو لهذا الكيان
No chart types match your search.,لا توجد أنواع من الرسوم البيانية تتطابق مع بحثك.
No common filters,لا مشترك بين قوائم التصفيه
No connected entities yet.,لا توجد كيانات مرتبطة حتى الآن.
No Connections,لا اتصالات
No Connections description,الاتصالات هل العلاقات المباشرة بين تلك الوثيقة و الوثائق والكيانات الاخرد
No context,لا يوجد سياق
No CSVs yet,لا توجد ملفات CSV حتى الآن
No data,لا توجد بيانات
NO DATA AVAILABLE,لا توجد بيانات متاحة
No entities found,لم يتم العثور على أي كيانات
NO EXTRACTORS,لا توجد أدوات استخراج
No files available,لا توجد ملفات متاحة
No files queued yet.,لا توجد ملفات في قائمة الانتظار حتى الآن.
no filters for templates,لا توجد أي عوامل تصفية مشتركة بين مجموعات أنواع الكيانات.
No Group,لا توجد مجموعة
No icon / flag,لا توجد أيقونة/ علامة
No images on this entity,لا توجد صور لهذا الكيان
No items available,لا توجد عناصر متوفرة
No Label,لا تسمية
No label,بدون تسمية
No matches for,لا توجد نتائج مطابقة لـ
No matches.,لا توجد نتائج.
No matching entities.,لا توجد كيانات مطابقة.
No media selected,لم يتم تحديد أي وسائط
No metadata for this entity yet.,لا توجد بيانات وصفية لهذا الكيان حتى الآن.
No options,لا توجد خيارات
No options found,لم يتم العثور على خيارات
No page,لا توجد صفحة
No people or groups added yet,لم تتم إضافة أي أشخاص أو مجموعات حتى الآن
No primary documents,لا توجد مستندات أساسية
No primary documents yet. Add a file to get started.,لا توجد مستندات أساسية حتى الآن. أضف ملفًا لتبدأ.
No property,هذه الخاصية غير متوفرة
No References,لا مرجع
No References description,المراجع هي اجزاء من الوثيقة التي لها علاقة بوثائق وكيانات أخرى
No relationship types,لا توجد أنواع علاقات
No Relationships,لا توجد علاقات
No Relationships description,العلاقات هي الروابط بين الكيانات
No relationships found,لم يتم العثور على أي علاقات
No relationships to graph,لا توجد علاقات يمكن تمثيلها بيانيًّا
No releases yet,لم تصدر أي إصدارات حتى الآن
No results found,لم يتم العثور على أي نتائج
No supporting files yet. Add a file to get started.,لا توجد ملفات داعمة حتى الآن. أضف ملفًا لتبدأ.
No table of contents,لا يوجد جدول المحتويات
No Table of contents,لا يوجد جدول محتويات
No table of contents description,"يمكنك البدء بتحديد نص في المستند والنقر على زر ""إضافة إلى جدول المحتويات""."
No templates available to add.,لا توجد قوالب متاحة للإضافة.
No text match,لا يوجد نص تطابق
No text match description,يمكنك كتابه نص مختلف للحصول على بعض النتائج
No timelinks added,لم تتم إضافة أي روابط زمنية
No translation in,لا توجد ترجمة في
No type,لا نوع
No uploaded images fit the requirements,لا توجد صور تم تحميلها تتوافق مع متطلبات الحجم هذه. قم بتحميل صورة جديدة أو استخدم أداة تحرير لتغيير حجم الملف الموجود.
No user or group found,لم يتم العثور على أي مستخدم أو مجموعة
No valid target template available,لا يوجد قالب هدف صالح متاح
No value,لا قيمة
No Value,لا قيمة
No visualization data available.,لا توجد بيانات تصويرية متاحة.
"No, cancel",لا، إلغاء
no-toc-description,"يمكنك البدء بتحديد نص في المستند والنقر على زر «إضافة إلى
جدول المحتويات»."
Non processed,غير معالج
Non-labeled,غير مُصنَّف
Non-latin characters support,دعم الأحرف غير اللاتينية
None,لا شيء
Normal view,معاينة عادية
Not already been use as source template in another extractor,لم يُستخدم بعد كقالب مصدر في أداة استخراج أخرى
Not already been use as target template,لم يُستخدم بعد كقالب مستهدف
Not Found,غير موجود
Nothing here yet.,لا يوجد شيء هنا حتى الآن.
Nothing selected,لم يتم تحديد أي شيء
Notifications,الإشعارات
Obsolete,عفا عليه الزمن
obsolete,متقادم
OCR,OCR
OCR button tip,سيقوم هذا بمعالجة المستند للتعرف على نصه. ستتم إضافة الملف الأصلي كملف داعم.
OCR completed,تم التعرف الضوئي على الحروف
OCR description tip 1,سيؤدي ذلك إلى تمكين وظيفة التعرف الضوئي على الحروف (OCR) لمستندات PDF. وستقوم هذه الخدمة بالتعرف على النص الموجود داخل الصور، مثل المستندات الممسوحة ضوئيًا والصور الفوتوغرافية، وتحويله إلى بيانات نصية يمكن قراءتها آليًّا.
OCR description tip 2,عند تفعيل هذه الميزة، سيتمكن المستخدمون من فئتي «المسؤول» و«المحرر» من إرسال مستندات PDF إلى خدمة التعرف الضوئي على الحروف (OCR).
OCR error,خطأ في الOCR
OCR error tip,لم يتمكن محرك التعرف الضوئي على الحروف (OCR) من قراءة المستند بسبب وجود خلل في تنسيقه. آخر تحديث
OCR PDF,تشغيل خاصية الOCR على الPDF
of,من
Ok,موافق
OK,موافق
On this entity,بشأن هذا الكيان
one character,حرف واحد
Only essential,الأمور الضرورية فقط
"Only properties with the same name and configuration in every data source are available
            for both dimensions.","لا تتوفر سوى الخصائص التي تحمل الاسم نفسه وتتمتع بنفس التكوين في كل مصدر بيانات
 لكلا البعدين."
Only published entities are counted.,يتم احتساب الكيانات المنشورة فقط.
"Only templates that are not used as source in any other extractor and are not
                selected as target in this extractor are available for selection.","لا تتاح للاختيار سوى القوالب التي لم تُستخدم كمصدر في أي أداة استخراج أخرى، ولم
تُحدد كهدف في أداة الاستخراج هذه."
"Only templates with at least one rich text property and one numeric property are
                available for selection.","لا تتوفر للاختيار سوى القوالب التي تحتوي على خاصية نص منسق واحدة على الأقل وخاصية رقمية واحدة
."
"Only the extractor will be deleted, all created entities will remain on the library.",سيتم حذف المستخرج فقط، وستبقى جميع الكيانات التي تم إنشاؤها في المكتبة.
Open,فتح
Open entity,فتح الكيان
Open group,فتح المجموعة
Open link,فتح الرابط
Open PDF,فتح ملف PDF
Open the two-factor Authenticator app on your device,افتح تطبيق المصادقة الثنائية في جهازك
Options,خيارات
or,أو
or drag and drop here,أو اسحب وأسقط هنا
or drop your files here.,أو أفلت ملفاتك هنا
Or paste a URL,أو الصق عنوان URL
Order,ترتيب
Other,آخر
other,آخر
Other users will be affected by this action!,سيتأثر مستخدمون آخرون بهذا الإجراء!
Others,أخرى
Outgoing,صادر
p.,ص.
Page,صفحة
Page not found,لم يتم العثور على الصفحة
Page published successfully.,تم نشر الصفحة بنجاح.
Pages,الصفحات
Paragrap number extraction property (numeric),خاصية استخراج رقم الفقرة (رقمي)
Paragraph,فقرة
Paragraph Extraction,استخراج الفقرات
Paragraph Extractor added,تمت إضافة أداة استخراج الفقرات
Paragraph text extraction property (rich text),خاصية استخراج نص الفقرة (نص منسق)
Paragraphs,الفقرات
Paragraphs deleted,تم حذف الفقرات
parties,الأطراف
Password,كلمه المرور
Password + 2fa,كلمة المرور + المصادقة الثنائية
Password changed success,تم تغيير كلمة المرور بنجاح
Password is too long,كلمة المرور طويلة جداً
Passwords do not match,كلمات المرور غير متطابقة
Paste an audio or video URL to use it as this property without uploading a file. Press Enter to apply.,الصق رابط ملف صوتي أو فيديو لاستخدامه كقيمة لهذه الخاصية دون تحميل ملف. اضغط على مفتاح Enter لتطبيق التغيير.
Paste an image URL to use it as this property without uploading a file. Press Enter to apply.,الصق عنوان URL للصورة لاستخدامها كقيمة لهذه الخاصية دون تحميل ملف. اضغط على مفتاح Enter لتطبيق التغيير.
Paste this tag in a page HTML. The chart uses the page language.,الصق هذه العلامة في كود HTML للصفحة. يستخدم المخطط لغة الصفحة.
Paste URL,الصق عنوان URL
Paste URL here,الصق عنوان URL هنا
PDF,PDF
Pending,قيد الانتظار
People and groups,الأفراد والجماعات
per page,لكل صفحة
Permission,إذن
Permission level,مستوى الإذن
Permission on entities explicitly shared with the user,الإذن للكيانات (للإدخالات) التي تم مشاركتها صراحة مع المستخدم
Permissions,الأذونات
Permissions updated,تم تحديث الأذونات
Pick a color,اختر لونًا
Pick another,اختر آخر
Plain text,نص عادي
Please contact an admin for details.,يرجى الاتصال بالمشرف (المسؤول) للحصول على التفاصيل.
Please type in,يرجى كتابة
Please type in letters and numbers from the image to start the export.,يرجى كتابة الحروف والأرقام من الصورة لبدء التصدير.
Pre-filled from your selection. Edit as needed.,تم ملؤها مسبقًا وفقًا لاختيارك. قم بتعديلها حسب الحاجة.
Preflight scan completed.,اكتمل الفحص التمهيدي.
Preparing required relationships.,إعداد العلاقات المطلوبة.
Preparing required thesauri values.,إعداد قيم المعجم المصطلحي المطلوبة.
Preserve,Preserve
Preserve Extension,امتداد Preserve
Preserve Setup Description,إذا كنت تعرف عنوان URL الخاص بحسابك على Uwazi ورمز TOKEN، فانقر على الرابط أدناه، وقم بملء المعلومات المطلوبة.
Press enter to add,اضغط على مفتاح الإدخال لإضافة
Preview,معاينة
Preview updates automatically (300ms debounce),معاينة التحديثات تلقائيًا (فترة تأخير 300 مللي ثانية)
Preview updates when the JSON is valid.,تُحدَّث المعاينة تلقائيًا عند صحة ملف JSON.
Previous,سابق
Primary,أصلي
Primary button,الزر الرئيسي
Primary document,الوثيقة الأصلية
Primary Documents,المستندات الأولية
Primary documents,المستندات الأصلية
Priority sorting,تصنيف حسب الأولوية
Priority sorting description,سيتم استخدام الخصائص التي تم تحديدها على أنها «فرز ذو أولوية» كمعايير فرز افتراضية. وفي حالة تحديد أكثر من خاصية واحدة على أنها «فرز ذو أولوية»، سيحاول النظام اختيار الخيار الأنسب. وعند عرض أنواع قوالب مختلطة، سيختار النظام أفضل مزيج من معايير الفرز ذات الأولوية.
Private,خاص
Private entities description,تنبيه: الكيانات (الإدخالات) المختارة سوف .لن تتاح رؤيتها إلا للمستخدمين المسموح لهم
Process,معالجة
Process extractor,معالجة المستخرج
Process selected,معالجة العناصر المحددة
Processed,تمت معالجته
Processed rows,الصفوف التي تمت معالجتها
Processing,معالجة
Progress,التقدم
Properties,الخصائص
Properties from other templates in the collection using the same label,خصائص من قوالب أخرى في المجموعة تستخدم التسمية نفسها
Properties from other templates in the collection using the same label.,الخصائص الموجودة في قوالب أخرى ضمن المجموعة والتي تستخدم نفس التسمية.
"Properties marked as priority sorting will be used as default sorting criteria. If more than one property is marked as priority sorting the system will try to pick-up the best fit. When listing mixed template types, the system will pick-up the best combined priority sorting.",سيتم استخدام الخصائص التي تم تحديدها على أنها «فرز ذو أولوية» كمعايير فرز افتراضية. وفي حالة تحديد أكثر من خاصية واحدة على أنها «فرز ذو أولوية»، سيحاول النظام اختيار الخيار الأنسب. وعند عرض أنواع قوالب مختلطة، سيختار النظام أفضل مزيج من معايير الفرز ذات الأولوية.
Property,الخاصية
Property as filter description,ستُستخدم هذه الخاصية لتصفية نتائج المكتبة. وعندما تتطابق الخصائص من حيث الاسم ونوع الحقل مع أنواع كيانات أخرى، سيتم دمجها معًا لأغراض التصفية.
property date,التاريخ
property daterange,النطاق الزمني
property generatedid,المعرّف الذي تم إنشاؤه
property geolocation,الموقع الجغرافي
property image,صورة
property link,رابط
property markdown,نص منسق
property media,وسائط
property multidate,تواريخ متعددة
property multidaterange,نطاق تواريخ متعددة
property multiselect,التحديد المتعدد
property numeric,رقمي
property preview,معاينة
property relationship,العلاقة
property select,تحديد
property text,النص
Property type,نوع الخاصية
Protection,حماية
ProTip!,نصيحة احترافية!
"Provide chart-ready data as JSON. Each series needs id, label, and a points array with
              label and value per row. Optional key on points helps stable colors.","قم بتوفير البيانات الجاهزة للعرض في الرسوم البيانية بتنسيق JSON. يجب أن تحتوي كل سلسلة على معرّف (id) وتسمية (label) ومصفوفة من النقاط تتضمن
التسمية والقيمة في كل صف. ويساعد وجود مفتاح اختياري في النقاط على تثبيت الألوان."
Public entities description,تنبيه: ستكون الكيانات المحددة **عامة**. وسيتمكن أي شخص من رؤيتها.
Public form settings description,هنا يمكنك تكوين وجهة النموذج العام والقوالب المدرجة في القائمة البيضاء
Public Form submit URL,عنوان URL لإرسال النموذج العام
Public form URL description,إذا كنت قد قمت بإعداد نموذج عام وترغب في أن تتلقى مجموعة Uwazi أخرى الإرسالات، فأدخل عنوان URL الخاص بها هنا.
Public form whitelist description,إذا كنت ترغب في تضمين «النماذج العامة» في صفحاتك، فيجب عليك إدراج معرّفات القوالب التي يُتوقع ظهور «النماذج العامة» فيها في القائمة البيضاء.
Public instance,مثيل عام
Publish,انشر
Publish release,نشر الإصدار
Published,منشور
Published and unpublished entities are counted.,يتم احتساب الكيانات المنشورة وغير المنشورة.
QR Code,رمز الاستجابة السريعة
Query,استعلام
Queued,في قائمة الانتظار
RAW,RAW
"Re-runs the query against your current collection. Use this after importing
                        or editing entities—not when changing chart settings (save handles that).","إعادة تشغيل الاستعلام على المجموعة الحالية. استخدم هذه الميزة بعد استيراد
 أو تعديل الكيانات — وليس عند تغيير إعدادات المخطط (فعمليّة الحفظ تتولى ذلك)."
Re-uploaded document,وثيقة أعيد تحميلها
Ready,جاهز
Receiving email,البريد الالكتروني المستقبل
Receiving email description,إذا كان لديك نموذج اتصال، فهذا هو عنوان البريد الإلكتروني الذي سيتلقى الإرسالات المرسلة عبر النموذج.
Recommended,موصى به
Reference,مرجع
References,مراجع
references,مراجع
Refresh,تحديث
"Refresh manually when you have added data and cannot wait for the next
                        scheduled run.","قم بالتحديث يدويًّا عندما تضيف بيانات ولا يمكنك انتظار
التشغيل المجدول التالي."
Refresh mode,وضع التحديث
Reject,رفض
Reject all,رفض الكل
Related entities created,تم إنشاء الكيانات ذات الصلة
Relation type,نوع العلاقة
Relationship,صلة
Relationship created,تم إنشاء العلاقة
Relationship Type,نوع العلاقة
Relationship type,نوع العلاقة
Relationship type created successfully.,تم إنشاء نوع العلاقة بنجاح.
Relationship type name,اسم نوع العلاقة
Relationship type name already exists,اسم نوع العلاقة موجود بالفعل
Relationship types,أنواع العلاقات
relationships,العلاقات
Relationships,العلاقات
Relationships saved,تم حفظ العلاقات
relationships? This action cannot be undone.,العلاقات؟ لا يمكن التراجع عن هذا الإجراء.
RelationType saved,تم حفظ نوع العلاقة
Release message,رسالة الإصدار
Relevance,الأهمية
remaining,المتبقي
remaining files,الملفات المتبقية
Remote Server Unreachable,لا يمكن الوصول إلى الخادم البعيد
Remove,إزالة
Remove from connection,إزالة من الارتباط
Remove from training set,إزالة من مجموعة التدريب
remove icon,إزالة الأيقونة
Remove icon,إزالة الرمز
Removed language,حذف اللغة
Rename,إعادة تسمية
Renamed attachment,إعادة تسمية المرفق
Repeat Password,إعادة كلمة المرور
Request id #,طلب المعرف #
Request token,طلب الرمز المميز
Required,مطلوب
Required property,الخاصية المطلوبة
Required relationships were prepared.,تم إعداد العلاقات المطلوبة.
Required thesauri values were prepared.,تم إعداد قيم المعاجم المطلوبة.
Reset,إعادة ضبط
Reset 2FA,إعادة تعيين المصادقة الثنائية
Reset default translation,إعادة تعيين الترجمة الافتراضية
Reset language,إعادة ضبط اللغة
Reset Password,إعادة تعيين كلمة المرور
Reset passwords,إعادة تعيين كلمات المرور
Resize panels,تغيير حجم الألواح
Restore,استعادة
Restore previous version,استعادة الإصدار السابق
Restricted,مُقَيَّد
Retryable,قابل لإعادة المحاولة
Retrying,إعادة المحاولة
Return to login,العودة لتسجيل الدخول
Review,مراجعة
Reviewed,تمت مراجعته
Role,دور
Room around every row,مساحة أكبر حول كل صف
Route,مسار
Row,صف
Row density,كثافة الصفوف
Rows failed,عدد الصفوف الفاشلة
Rows processed,عدد الصفوف التي تمت معالجتها
Sample,عينة
Satellite,القمر الصناعي
Save,احفظ
Save & Preview,حفظ ومعاينة
Save changes,حفظ التغييرات
Save password,حفظ كلمة المرور
Save the visualization before refreshing.,احفظ التمثيل البياني قبل التحديث.
Save the visualization to get embed code.,احفظ العرض المرئي للحصول على رمز التضمين.
Save your work to make change permanent,احفظ عملك لتثبيت التغييرات بشكل دائم
Saved successfully.,تم الحفظ بنجاح.
Saved with warnings,تم الحفظ مع تحذيرات
Saving,جارٍ الحفظ...
Saving...,جاري الحفظ...
Scanning,المسح
Scanning rows before import.,مسح الصفوف قبل الاستيراد.
Schedule,الجدول الزمني
Schedules run in UTC (Coordinated Universal Time).,تُعرض الجداول الزمنية بتوقيت UTC (التوقيت العالمي المنسق).
Search,ابحث
"Search  •  AND, OR, NOT, ""exact"", wild*","بحث  •  AND، OR، NOT، ""exact""، wild*"
Search by title,البحث حسب العنوان
Search entities...,البحث عن الكيانات...
Search entities…,البحث عن الكيانات…
Search item,البحث عن بند
Search related entities or documents,البحث عن الكيانات أو المستندات ذات الصلة
Search relationships,البحث عن العلاقات
Search relevance,ملائمة البحث
Search text,بحث النص
Search text description,اكتب نص في خانة البحث لتظهر بعض النتائج
Search this document,ابحث في هذا المستند
Search Tips,نصائح البحث
Search tips,نصائح للبحث
Search Tips: boolean,"استخدم AND وOR وNOT لعمليات البحث المنطقي (Boolean). على سبيل المثال: ستطابق ""الحالة AND النساء NOT نيكاراغوا"" أي نص يحتوي على كلمتي ""الحالة"" و""النساء"" معًا، ولا يحتوي بالضرورة على كلمة ""نيكاراغوا""."
Search Tips: exact term,"للحصول على تطابق حرفي للمصطلح، ضع نص البحث بين علامتَي اقتباس. على سبيل المثال: ستُعطي ""كوستاريكا"" نتائج مختلفة عن كوستاريكا بدون علامتَي اقتباس."
Search Tips: one char wildcard,"استخدم ? للبحث عن حرف واحد بديل. على سبيل المثال: ستطابق ""198?"" الأرقام من 1980 إلى 1989، وكذلك 198a و198b وغيرها."
Search Tips: proximity,"استخدم ~ لعمليات البحث بالقرب. على سبيل المثال: ستجد ""الوضع القانوني""~5 أي نص يحتوي على كلمتَي ""الوضع"" و""القانوني"" ضمن مسافة 5 كلمات، مثل ""الوضع القانوني الإجرائي"" أو ""الوضع القانوني والاجتماعي""."
Search Tips: wildcard,"استخدم * للبحث بحرف بديل متعدد. على سبيل المثال: ستطابق ""قانون*"" كلمات مثل قانون، وقانوني، وقانونية، وغيرها."
Search title & metadata,البحث في العنوان والبيانات الوصفية
Searching...,جاري البحث...
Secondary button,الزر الثانوي
Secret keys,المفاتيح السرية
Security,الأمان
Select,اختر
Select & Search,اختر وابحث
"Select a dimension to see supported chart types, or use Metric for a total count.",اختر بعدًا ما للاطلاع على أنواع المخططات المدعومة، أو استخدم «المقياس» للحصول على العدد الإجمالي.
Select a document to connect to a specific paragraph,اختر مستندًا للربط بفقرة معينة
Select a file,اختر ملفًا
Select all,اختار الكل
Select an existing image,اختر صورة موجودة
Select favicon image,اختر صورة الرمز المفضل
Select files on your device,اختر الملفات في جهازك
Select from computer,اختر من جهاز الكمبيوتر
Select image,اختر صورة
Select media,اختر وسائط
Select relationship,اختر العلاقة
Select relationship type,اختر نوع العلاقة
Select site logo image,اختر صورة شعار الموقع
Select target document,اختر المستند المستهدف
Select target entity,اختر الكيان المستهدف
Select target paragraph,اختر الفقرة المستهدفة
Select text in target document,حدد نصًا في المستند الهدف
select text or a value,حدد نصًا أو قيمة
Select the template to store the extracted paragraphs.,اختر القالب الذي تريد تخزين الفقرات المستخرجة فيه.
Select the template with the source documents.,اختر القالب الذي يحتوي على المستندات المصدر.
Select...,اختار...
Selected,مُختار
selected,المحدد
selected of,مختار من
Selected or suggested,مختارة أو مقترحة
Selected templates,قوالب مختارة
Send,إرسال
Send recovery email,إرسل بريد الكتروني للاستعادة
Sending email,البريد الالكتروني المرسل
Sending email description,هذا هو عنوان البريد الإلكتروني الذي سيظهر كمرسل عند إرسال رسالة بريد إلكتروني من مجموعتك على Uwazi إلى المستخدمين المسجلين. العنوان الافتراضي هو *no-reply@uwazi.io*. يمكنك تعيين عنوان مخصص عن طريق إدخال عنوان البريد الإلكتروني الذي تريده هنا.
Sending labeled data,إرسال البيانات المُصنَّفة
Series,سلسلة
Services,الخدمات
Set as default,تعيين كافتراضي
Set default language,تعيين اللغة الافتراضية
Set default template,تعيين القالب الافتراضي
Set the default starting point for your geolocation properties.,عين نقطة البدء الافتراضية لخصائص تحديد الموقع الجغرافي الخاصة بك
Settings,إعدادات
settings,إعدادات
Settings navigation active background,خلفية التنقل بين الإعدادات النشطة
Settings sidebar background,خلفية الشريط الجانبي للإعدادات
Settings updated,تم تحديث الإعدادات
Share,مشاركة
Share edit access with other users,مشاركة حق الوصول للتحرير مع مستخدمين آخرين
Share entities with the public,مشاركة الكيانات مع الجمهور
Share with people and groups,المشاركة مع الأشخاص والمجموعات
Shared as editor,المشاركة كمحرر
Shared as viewer,المشاركة كمشاهد
Show actions,إظهار الإجراءات
Show cookie policy,عرض سياسة ملف تعريف الارتباط
Show details,إظهار التفاصيل
Show filters,إظهار عوامل التصفية
Show in cards,اظهر في البطاقات
Show information,عرض المعلومات
Show less,إظهار أقل
Show more,أظهر المزيد
Show remaining in panel,إظهار ما تبقى في اللوحة
Show toolbar,إظهار شريط الأدوات
Showing,عرض
Showing the top,عرض الجزء العلوي
shown of,مبين
Sign in,تسجيل الدخول
Simple mode,الوضع البسيط
Single relationships must have a hub,يجب أن يكون للعلاقات الفردية مركزًا
Site logo description,"يظهر الشعار في الشريط العلوي بجوار اسم مجموعتك (بحجم 200×32 بكسل تقريبًا).

1. قم بتحميل الصور في قسم «التحميلات المخصصة» إذا لزم الأمر.
2. انقر على «تحديد صورة شعار الموقع» واختر ملفًا؛ حيث لا تظهر في القائمة سوى الصور الموجودة في قسم «التحميلات المخصصة»."
Site logo no images hint,لا توجد حتى الآن أي ملفات صور من قسم «التحميلات المخصصة». يرجى إضافة صور بتنسيقات PNG أو SVG أو JPEG إلى هناك أولاً.
Size,حجم
Skip to main content,الانتقال إلى المحتوى الرئيسي
Some tasks may take a while. Bert will reply when it's done.,قد تستغرق بعض المهام بعض الوقت. سيقوم Bert بالرد عند الانتهاء منها.
Something went wrong,حدث خطأ ما
Sort,تصنيف
Sort ascending,الترتيب تصاعديًّا
Sort descending,الترتيب التنازلي
Sort:,الترتيب:
sorted by,مرتبة حسب
Source,المصدر
Source entity,الكيان المصدر
Source page,صفحة المصدر
Source relationship type,نوع العلاقة بين المصادر
Source template,قالب المصدر
Source Template,قالب المصدر
Source's role in the relationship Source-Target.,دور المصدر في العلاقة بين المصدر والهدف.
Stage,المرحلة
stat*,stat*
State,الولاية
Statistics,الإحصاءات
Stats & Filters,الإحصائيات والمرشحات
Status,الحالة
status AND women NOT Nicaragua,الحالة AND النساء NOT نيكاراغوا
Stop filling,توقف عن التعبئة
Storage,التخزين
Streets,الشوارع
Strict mode,الوضع الصارم
Style,نمط
Submit,إرسال
Submitted entity to a remote instance,تم إرسال الكيان إلى مثيل بعيد
Submitting,الإرسال
Success,النجاح
"Success, Upload another?",نجح التحميل، هل تريد تحميل ملف آخر؟
Suggestion,اقتراح
Suggestion:,اقتراح:
Suggestions,اقتراحات
suggestions,اقتراحات
Suggestions sent,تم إرسال الاقتراحات
Suggestions updated,تم تحديث الاقتراحات
Supported chart types for manual data,أنواع المخططات المدعومة للبيانات اليدوية
Supported chart types for this configuration,أنواع المخططات المدعومة في هذا التكوين
Supporting,الدعم
Supporting file,ملف داعم
Supporting files,ملفات الدعم
Synced template,قالب متزامن
Synced Template,قالب متزامن
Synced templates cannot be deleted.,لا يمكن حذف القوالب المتزامنة.
System translations,ترجمات النظام
Table,جدول
Table of Contents,جدول المحتويات
Table of contents,جدول المحتويات
Table of contents saved successfully,تم حفظ جدول المحتويات بنجاح
Table view,معاينة الجدول
Target entity,الكيان المستهدف
Target entity type,نوع الكيان المستهدف
Target relationship type,نوع العلاقة المستهدفة
Target Template,قالب الهدف
Target template,قالب الهدف
Target's role in the relationship Source-Target.,دور «الهدف» في العلاقة بين «المصدر» و«الهدف».
Target:,الهدف:
Tasks,المهام
Template,قالب
Template changes are being applied to all related entities.,يجري حالياً تطبيق التغييرات على القوالب على جميع الكيانات ذات الصلة.
Template color,لون القالب
"Template colors apply when comparing data sources or when the dimension is entity
              type. Otherwise the chart palette is used as fallback.","يتم تطبيق ألوان القالب عند مقارنة مصادر البيانات أو عندما يكون البعد من نوع «الكيان».
وإلا، يتم استخدام لوحة ألوان المخطط كخيار بديل."
Template conflict,تعارض القوالب
Template name,اسم القالب
Template name already exists,اسم القالب موجود بالفعل
Template processing completed.,اكتملت معالجة القالب.
Template saved successfully.,تم حفظ القالب بنجاح.
Template with a long number of entities,"لقد تم تغيير القالب، وسيتم إعادة فهرسة الكيانات المرتبطة به،
وقد تستغرق هذه العملية عدة دقائق، هل تريد المتابعة؟"
Template(s),القالب (القوالب)
Template(s) deleted successfully.,تم حذف القوالب بنجاح.
Templates,قوالب
Templates:,القوالب:
Text,نص
Text references limit warning,تم تقييد عدد المراجع النصية مؤقتًا بحد أقصى يبلغ 300 مرجع. ونحن نعمل حاليًا على إصلاح هذه المشكلة.
"The process of extracting the paragraphs has successfully started. Check the Status
              column for updates on the process.","بدأت عملية استخراج الفقرات بنجاح. يرجى مراجعة عمود «الحالة»
للاطلاع على آخر المستجدات بشأن هذه العملية."
The request could not be processed.,تعذر معالجة الطلب.
The source of this template is a sync.,مصدر هذا القالب هو عملية مزامنة.
The token does not validate against the secret key,لا يتم التحقق من صحة الرمز المميز مقابل المفتاح السري
The token does not validate against the secret key!,الرمز المميز لا يتطابق مع المفتاح السري!
"the words together, in that order",الكلمات معًا، بهذا الترتيب
the words within 5 of each other,الكلمات التي تفصل بينها مسافة لا تزيد عن 5
Theme and branding,الموضوع والعلامة التجارية
Theme colors,ألوان السمة
Theme colors imported,تم استيراد ألوان السمة
Theme favicon,أيقونة الموقع المميزة
Theme instance file invalid,ملف مثيل السمة غير صالح
Theme logotype,شعار الموضوع
Theme presets,الإعدادات المسبقة للسمات
Theme preview,معاينة السمة
Then by,ثم بواسطة
There are no pages enabled for entity view,لا توجد صفحات ممكنة لمعاينة الكيان (الإدخال)
There are no untranslated terms,لا توجد مصطلحات لم تُترجم بعد
Thesauri,قائمة المفردات
Thesauri added.,تمت إضافة المعاجم.
Thesauri deleted,تم حذف قوائم المرادفات
Thesauri name,اسم المكنز اللغوي
thesauri new group desc,وصف مجموعة «thesauri» الجديدة
thesauri new item desc,وصف العنصر الجديد في المكنز اللغوي
Thesauri updated.,تم تحديث قوائم المرادفات.
Thesauri values created,القيم التي تم إنشاؤها في قاعدة المرادفات
Thesaurus,قاموس المرادفات
Thesaurus created successfully.,تم إنشاء قاموس المرادفات بنجاح.
Thesaurus name,اسم المكنز اللغوي
Thesaurus name already exists,اسم المكنز موجود بالفعل
Thesaurus saved,تم حفظ قائمة المفردات
This action may take some time while we add the extra language to the entire collection.,قد يستغرق هذا الإجراء بعض الوقت، حيث نقوم بإضافة اللغة الإضافية إلى المجموعة بأكملها.
This area allows you to append custom Javascript to the page. This opens up a new universe of possibilities.,تتيح لك هذه المنطقة أن تلحق بالصفحة جافا سكريبت مخصصة، مما يفتح عالماً جديداً من الاحتمالات.
This chart type cannot display the current data.,لا يمكن لهذا النوع من المخططات عرض البيانات الحالية.
"This chart type cannot display the current data. Pick a supported type in the Chart
              tab.","لا يمكن لهذا النوع من المخططات عرض البيانات الحالية. اختر نوعًا مدعومًا في علامة التبويب «المخطط»
."
"This chart type has no extra options. Select another chart type above if you need
            legend, labels, or data filters.","لا يحتوي هذا النوع من المخططات على خيارات إضافية. اختر نوعًا آخر من المخططات أعلاه إذا كنت بحاجة
إلى مفتاح التوضيح أو التسميات أو عوامل تصفية البيانات."
This content is automatically generated,أنشئ هذا المحتوى تلقائياً
This data visualization name already exists. Enter a unique name.,هذا الاسم الخاص بتصور البيانات موجود بالفعل. أدخل اسمًا فريدًا.
"This entity has no document, you probably want to see the metadata",لا يتوافر مستند لهذا الكيان (الإدخال)، ربما ترغب في رؤية البيانات الوصفية
This entity is restricted from public view.,هذا الكيان (الإدخال) ممنوع من المعاينة العامة
This field is required,هذا الحقل إلزامي
This file could not be displayed. Try refreshing the page.,تعذر عرض هذا الملف. يرجى تحديث الصفحة.
This file could not be opened. It may be corrupted or not a valid PDF.,تعذر فتح هذا الملف. ربما يكون تالفًا أو ملف PDF غير صالح.
"This file is currently unavailable. Please contact your administrator if the issue
                  persists.","هذا الملف غير متاح حاليًا. يرجى الاتصال بالمسؤول إذا استمرت
المشكلة."
"This file is currently unavailable. Please contact your administrator if the issue
              persists.","هذا الملف غير متوفر حاليًا. يرجى الاتصال بالمسؤول إذا استمرت
المشكلة."
This file type is not supported on media fields,لا يُدعم هذا النوع من الملفات في حقول الوسائط
This group is empty,هذه المجموعة فارغة
This import is waiting in queue.,هذه العملية الاستيراد في انتظار دورها في قائمة الانتظار.
This label already exists in this template,هذه العلامة موجودة بالفعل في هذا القالب
This page does not need Markdown,هذه الصفحة لا تحتاج إلى لغة ماركداون
"This page uses HTML only (Markdown is not processed). You can embed maps, charts, entity
          lists, and other components.","تستخدم هذه الصفحة لغة HTML فقط (لا تتم معالجة لغة Markdown). يمكنك تضمين الخرائط والرسوم البيانية وقوائم الكيانات
والمكونات الأخرى."
This property can not be deleted,لا يمكن حذف هذا العنصر
This property will appear in the library cards as part of the basic info.,ستظهر هذه الخاصية في بطاقات المكتبة كجزء من المعلومات الأساسية.
This property will be shown using all the width available.,ستظهر هذه الخاصية باستخدام كل العرض المتاح
This property will be shown without the label,سيتم عرض هذا العقار دون العلامة
This property will be the default filter in the library for this template.,ستكون هذه الخاصية هي عامل التصفية الافتراضي في المكتبة لهذا القالب.
"This property will be used for filtering the library results. When properties match in equal name and field type with other entity types, they will be combined for filtering.",ستُستخدم هذه الخاصية لتصفية نتائج المكتبة. وعندما تتطابق الخصائص من حيث الاسم ونوع الحقل مع أنواع كيانات أخرى، سيتم دمجها معًا لأغراض التصفية.
This search could not be completed. Try again later.,تعذر إتمام عملية البحث هذه. يرجى المحاولة مرة أخرى لاحقًا.
"This site uses cookies for language preferences and analytics. Session cookies are only
            set when you log in.","يستخدم هذا الموقع ملفات تعريف الارتباط لتحديد تفضيلات اللغة ولأغراض التحليلات. ولا يتم
تعيين ملفات تعريف الارتباط المؤقتة إلا عند تسجيل الدخول."
This table of contents was automatically created by the system.,تم إنشاء جدول المحتويات هذا تلقائيًّا بواسطة النظام.
this template,هذا النموذج
This template is in use by existing entities and cannot be deleted.,هذا القالب قيد الاستخدام من قبل كيانات قائمة ولا يمكن حذفه.
Thumbnail,صورة مصغرة
Time,زمن
Time (UTC),الوقت (UTC)
Timeline,الجدول الزمني
Timelinks,روابط زمنية
Timestamp,الطابع الزمني
tips,نصائح
Title,عنوان
To,إلى
"To complete the account creation process, please create a password for your account",لإكمال عملية إنشاء الحساب، يرجى إنشاء كلمة مرور لحسابك
to view your authentication code and verify your identity.,لمعاينة رمز المصادقة الخاص بك والتحقق من هويتك.
Today,اليوم
Toggle relationship details,إظهار/إخفاء تفاصيل العلاقة
Toggle timeline mode,تبديل وضع الخط الزمني
Tools,الأدوات
total entities,إجمالي الكيانات
Total files,إجمالي عدد الملفات
total files,إجمالي عدد الملفات
"Total files from main documents, supporting files and uploads",إجمالي عدد الملفات من الوثائق الرئيسية والملفات الداعمة والملفات المُحمَّلة
Total imports,إجمالي الواردات
total users,إجمالي عدد المستخدمين
Train,تدريب
Train model,تدريب النموذج
Train model description,قد يستغرق تدريب نماذج التعلم الآلي من بضع دقائق إلى بضع ساعات، اعتمادًا على حجم البيانات المصنفة وصعوبة المهمة.
Training,التدريب
Training model,جارٍ تدريب النموذج
Training sample,نموذج تدريبي
Translate,ترجم
Translating,Translating
Translation,الترجمة
Translations,الترجمات
Translations imported.,تم استيراد الترجمات.
Translations reset successfully,تم إعادة تعيين الترجمات بنجاح
Translations saved,تم حفظ الترجمات
Try a different search or clear filters.,جرب إجراء بحث مختلف أو امسح المعايير.
Turn off inline translation,إيقاف الترجمة المباشرة
"Two categorical dimensions enable stacked bar charts (e.g. country with sex
              breakdown).","هناك بعدان تصنيفيان يتيحان إنشاء مخططات شريطية مكدسة (مثل: البلد مع
التوزيع حسب الجنس)."
Two-Factor Authentication,المصادقة الثنائية
Two-factor authentication enabled,تم تمكين المصادقة الثنائية
Two-factor authentication failed.,فشلت عملية المصادقة الثنائية.
Two-factor authentication secret,سر المصادقة الثنائية
Two-factor verification failed,فشل التحقق الثنائي (التحقق بخطوتين)
Two-step verification,التحقق الثنائي (التحقق بخطوتين)
Two-step verification token required,يلزم وجود رمز التحقق بخطوتين
Type,نوع
U,U
"Unable to save, failed response",تعذر الحفظ، استجابة فاشلة
Unauthorized,غير مصرح
Unexpected error,خطأ غير متوقع
Uninstall,إلغاء التثبيت
Uninstall language,إلغاء تثبيت اللغة
Uninstalling language,إلغاء تثبيت اللغة
Unknown entity,كيان مجهول
Unknown template,قالب غير معروف
Unlink,إلغاء الارتباط
Unlock account,إلغاء قفل الحساب
Unsaved changes,التغييرات غير المحفوظة
Unsupported OCR language,لغة الOCR غير مدعومة
Untitled,بدون عنوان
Untranslated Terms,المصطلحات غير المترجمة
Update,تحديث
UPDATE,تحديث
Update from collection,تحديث من المجموعة
Update success,تم التحديث بنجاح
Updated,تم التحديث
Updated file,تم تحديث الملف
Updated multiple entities,تم تحديث عدة كيانات
Updated permissions on entity,تم تحديث أذونات الكيان
Updated relationships,تم تحديث العلاقات
Updated settings,تم تحديث الإعدادات
Updated translations,تم تحديث الترجمات
Updated user,تم تحديث المستخدم
Updating template properties across,تحديث خصائص القوالب في جميع أنحاء
Updating…,جاري التحديث…
Upload and select file,حمل الملف واختره
Upload from computer,حمل من الحاسوب
Upload image,تحميل صورة
Upload PDF,تحميل ملف PDF
Upload PDF(s) to create,حمل ملف (ملفات) PDF لإنشاء
Uploaded attachment,ملف مرفق تم تحميله
Uploaded custom file,تم تحميل ملف مخصص
Uploaded document,المستند الذي تم تحميله
Uploaded file,الملف الذي تم تحميله
Uploading,جاري التحميل
Uploading ...,تحميل...
Uploads,تحميلات
URL,عنوان URL
Use,استخدام
Use as filter,استخدامه كمرشح
Use for training,يُستخدم للتدريب
"Use this iframe on external sites. Change the locale query parameter in the URL if
                needed.","استخدم إطار iframe هذا على المواقع الخارجية. قم بتغيير معلمة الاستعلام الخاصة بالإعدادات المحلية في عنوان URL إذا
 لزم الأمر."
Use URL,استخدام عنوان URL
Used in templates and {n} refs — cannot delete,يُستخدم في القوالب و{n} مرجعًا — لا يمكن حذفه
Used in templates — cannot delete,يُستخدم في القوالب — لا يمكن حذفه
Used in {n} refs — cannot delete,تم استخدامه في {n} مرجع — لا يمكن حذفه
User,المستخدم
User Action,إجراء المستخدم
User Role,دور المستخدم
User updated,تم تحديث المستخدم
Username,اسم المستخدم
Username is required,اسم المستخدم مطلوب
Username is too long,اسم المستخدم طويل جداً
Username is too short,اسم المستخدم قصير جداً
"Username, email or group",اسم المستخدم أو البريد الإلكتروني أو المجموعة
Usernames cannot have spaces,لا يجوز أن تحتوي أسماء المستخدمين على مسافات
Users,المستخدمين
Users & Groups,المستخدمون والمجموعات
Using Authenticator,استخدام تطبيق Authenticator
Using URLs,استخدام عناوين URL
Uwazi,Uwazi
Uwazi Docs,Uwazi Docs
Uwazi is developed by,أوازي من إعداد:
Uwazi UI,واجهة استخدام أوازي
Validating,التحقق من الصحة
Validating file structure and headers.,التحقق من صحة بنية الملف ورؤوسه.
Value,قيمة
Value cannot be transformed to the correct type,لا يمكن تحويل القيمة إلى النوع الصحيح
values,القيم
"values are staged, not saved",القيم قيد التجهيز، لم تُحفظ بعد
Verify,تحقق
Verifying...,تحقق..
via,عبر
View,عرض
view,عرض
View entities,عرض الكيانات
View entity,عرض الكيان
View in library,عرض في المكتبة
View page,عرض الصفحة
Visibility,الرؤية
Visualization data updated from your collection.,تم تحديث بيانات التصور المستمدة من مجموعتك.
WARNING,تحذير
Warning: you are editing multiple entities. Fields marked with a,تنبيه: أنت تحرر كيانات (إدخالات) متعددة. الحقول تحمل علامة
We can't find the page you're looking for.,لا يمكننا العثور على الصفحة التي تبحث عنها.
Welcome to Uwazi,مرحباً بكم في أوازي
"Well, this is awkward...",إنه لأمر محرج...
"When enabled, visitors must accept or reject non-essential cookies before they are set.
    Analytics and language preference cookies are blocked until accepted.","عند تفعيل هذه الميزة، يتعين على الزوار قبول ملفات تعريف الارتباط غير الأساسية أو رفضها قبل تثبيتها.
    يتم حظر ملفات تعريف الارتباط الخاصة بالتحليلات وتفضيلات اللغة إلى أن يتم قبولها."
Whitelisted templates,القوالب المدرجة في القائمة البيضاء
wildcard,حرف البدل
wildcard (many chars),حرف البدل (أحرف متعددة)
wildcard (one char),حرف البدل (حرف واحد)
"Will attempt to fill the container, using its entire width. In cards, cropping is likely to occur.",ستتم محاولة ملء الحاوية باستخدام عرضها بالكامل. وفي حالة البطاقات، من المحتمل أن يتم اقتصاص الصورة.
will be updated with the same value.,سيحدث بالقيمة نفسها
Will show the entire media inside the container.,سيعرض جميع الملفات المتعددة الوسائط الموجودة داخل الحاوية.
with,مع
With great power comes great responsibility!,كلما ازدادت القوة، ازدادت معها المسؤولية!
wom?n,wom?n
x,x
x less,X أقل
x more,X أكثر
Year,سنة
Yes,نعم
You can add one or many items in this form.,يمكنك إضافة عنصر واحد أو عدة عناصر في هذا النموذج.
You can also enter this secret key into your Authenticator app.,يمكنك أيضًا إدخال هذا المفتاح السري في تطبيق Authenticator الخاص بك.
You can create metadata templates in,يمكنك إنشاء قوالب البيانات الوصفية في
"You can embed advanced components like maps, charts and entity lists in your page.",يمكنك تضمين مكونات متقدمة مثل الخرائط والرسوم البيانية وقوائم الكيانات في صفحتك.
You do not have write permission on all entities,ليس لديك حق الكتابة على جميع الكيانات
You have unsaved changes. Discard them? This action cannot be undone.,لديك تعديلات لم يتم حفظها. هل تريد تجاهلها؟ لا يمكن التراجع عن هذا الإجراء.
You have unsaved changes. Do you want to continue?,هناك تغييرات لم يتم حفظها. هل تريد المتابعة؟
You should activate this feature for enhanced account security,يجب عليك تفعيل هذه الميزة لتحقيق تأمين أفضل للحساب
You should activate this feature for enhanced account security.,يجب عليك تفعيل هذه الميزة لتعزيز أمان حسابك.
You won't be able to save an entity if this property is empty.,لن تتمكن من حفظ الكيان إذا كانت هذه الخاصية فارغة.
You're all caught up,لقد أصبحت على اطلاع تام
Your account's security is enhanced with two-factor authentication.,يتم تعزيز أمان حسابك من خلال المصادقة الثنائية.
Z → A,ي → أ
Zoom in,تكبير
Zoom in library view,تكبير في المعاينة المكتبية
Zoom out,تصغير
Zoom out library view,تصغير في المعاينة المكتبية
