Key,French
"""Costa Rica""","""Costa Rica"""
"""the status""~5","""le statut""~5"
*please keep this key secret and don't share it.,*Veuillez garder cette clé secrète et ne la communiquez à personne.
+ Add data source,+ Ajouter une source de données
+ Add filter,+ Ajouter un filtre
+ click to select multiple cards.,+ Cliquez pour sélectionner plusieurs cartes.
198?,198 ?
2FA,Authentification à deux facteurs (2FA)
2FA Enabled,Authentification à deux facteurs activée
A default template cannot be deleted.,Un modèle par défaut ne peut pas être supprimé.
A friendly hand for serious work — I'll act in the context shown above.,Une main amicale pour un travail sérieux — Je vais agir dans le contexte présenté ci-dessus.
A generated ID will be the default title.,Un identifiant généré sera le titre par défaut.
A source template must,Un modèle source doit
A target template needs to have the following properties,Un modèle cible doit posséder les propriétés suivantes
A valid email is required,L'email est obligatoire
A → Z,A → Z
Accept,Accepter
Accept all,Tout accepter
Accepted suggestion on entity,Suggestion acceptée concernant l'entité
Accepting suggestions,Acceptation des suggestions en cours
Accessibility checks need attention,Les contrôles d'accessibilité méritent une attention particulière
Account,Compte
Account locked,Compte verrouillé
Account unlocked successfully,Le compte a été déverrouillé avec succès
Account updated,Compte mis à jour
Accuracy,Précision
Accuracy tooltip,La précision est définie par le nombre de correspondances par rapport aux non-correspondances pour les échantillons étiquetés qui ont été traités.
Action,Action
Actions,Actions
Activate,Activer
Activated,Activé
Active filters,Filtres actifs
Active languages,Langues actives
Active primary,Primaire active
Activity,Activité
Activity log,Journal d'activité
Activity Log,Journal d'activité
Add,Ajouter
Add / remove favorite,Ajouter / supprimer un favori
Add a type below.,Ajoutez un type ci-dessous.
Add an account to the app by scanning the provided QR code with your mobile device or by inserting the provided key.,Ajoutez un compte à l'application en scannant le code QR fourni à l'aide de votre appareil mobile ou en saisissant la clé fournie.
Add as,Ajouter en tant que
Add data source,Ajouter une source de données
Add date,Ajouter une date
Add entities / documents,Ajouter des entités / documents
Add entity,Ajouter une entité
Add entity type,Ajouter un type d'entité
Add Extractor,Ajouter un extracteur
Add extractor,Ajouter un extracteur
Add file,Ajouter le fichier
Add from URL,Ajouter à partir d'une url
Add from web,Ajouter à partir du web
Add group,Ajouter un groupe
add icon,Ajouter une icône
Add icon,Ajouter une icône
Add item,Ajouter un élément
Add link,Ajouter un lien
Add or remove relationship types for this collection.,Ajouter ou supprimer des types de relations pour cette collection.
Add page,Ajouter une page
Add PDF,Ajouter un fichier PDF
Add people or groups,Ajouter des personnes ou des groupes
Add property,Ajouter une propriété
Add relationship,Ajouter une relation
Add relationship type,Ajouter un type de relation
Add template,Ajouter un modèle
Add thesaurus,Ajouter un thésaurus
Add thesaurus value,Ajouter une valeur au thésaurus
Add timelink,Ajouter un lien temporel
Add to all languages,Ajouter à toutes les langues
Add to table of contents,Ajouter à la table des matières
Add to ToC,Ajouter à la table des matières
Add to training set,Ajouter à l'ensemble d'apprentissage
Add translation,Ajouter une traduction
Add user,Ajouter un utilisateur
add value,Ajouter une valeur
Add/delete users and assign roles,Ajouter / Supprimer des utilisateurs et attribuer des rôles
Add/edit translations,Ajouter / Modifier des traductions
Added language,Langue ajoutée
Added new user,Ajout d'un nouvel utilisateur
"Added relation type ""{name}""","Ajout du type de relation ""{name}"""
added to hub with the following errors:,Ajouté au hub avec les erreurs suivantes :
added to hub.,ajouté au hub.
Adding a group and its items.,Ajouter un groupe et ses éléments.
Adding items to the thesauri,Ajouter des éléments aux thésaurus
Adjust a few colors; secondary text and muted backgrounds update automatically.,Modifiez quelques couleurs : le texte secondaire et les arrière-plans aux teintes douces s'adaptent automatiquement.
Admin,Administrateur
Administrators and Editors,Administrateurs et éditeurs
Administrators and Editors always have edit access,Les administrateurs et les rédacteurs disposent toujours d'un accès en modification
Admins,Administrateurs
Advanced colors,Couleurs avancées
Advanced ECharts overrides,Remplacements avancés dans ECharts
ALL,TOUT
All,Tout
"All changes will be lost, are you sure you want to proceed?","Tous les changements seront perdus, êtes-vous sûr de vouloir continuer ?"
All data,Tous les données
All editing options will be disabled.,Toutes les options d'édition seront désactivées.
All of the paragraphs will be deleted,Tous les paragraphes seront supprimés
All of the previously created paragraphs will be deleted and recreated after the process.,Tous les paragraphes créés précédemment seront supprimés puis recréés à l'issue du processus.
Allow captcha bypass,Autoriser le contournement du captcha
Allow public embedding without login,Autoriser l'intégration publique sans connexion
Already exists,Existe déjà
Already the same value.,Déjà la même valeur.
Amount,Montant
An admin needs to add relationship types before you can create a relationship.,Un administrateur doit d'abord ajouter des types de relations avant que vous puissiez créer une relation.
An error has occured while deleting a language:,Une erreur s'est produite lors de la suppression d'une langue :
An error has occured while installing languages:,Une erreur s'est produite lors de l'installation des langues :
An error has occurred,Une erreur s'est produite
An error has occurred during data export,Une erreur s'est produite lors de l'exportation des données
An error has occurred while installing languages:,Une erreur s'est produite lors de l'installation des langues :
An error has occurred while uninstalling a language:,Une erreur s'est produite lors de la désinstallation d'une langue :
An error occurred,Une erreur s'est produite
Analytics,Analyse de données
Analytics description,"Si vous souhaitez suivre les statistiques de visites de votre collection, Uwazi prend en charge Google Analytics et Matomo."
AND OR NOT,ET OU NON
Any,Peu importe
Any entity,Toute entité
any single character,n'importe quel caractère
Any type,Tout type
Anyone can see this entity,Tout le monde peut voir cette entité
Appearance,Apparition
Apply,Appliquer
Are you sure you want to continue?,Êtes-vous sûr de vouloir continuer ?
Are you sure you want to delete,Êtes-vous sûr de vouloir supprimer
"Are you sure you want to delete the selected visualizations? This action cannot be
              undone.","Êtes-vous sûr de vouloir supprimer les visualisations sélectionnées ? Cette action ne peut pas être
annulée."
Are you sure you want to delete this attachment?,Êtes-vous sûr de vouloir supprimer cette pièce jointe ?
Are you sure you want to delete this connection?,Êtes-vous sûr de vouloir supprimer cette connexion ?
Are you sure you want to delete this entity?,Êtes-vous sûr de vouloir supprimer cette entité ?
Are you sure you want to delete this file?,Êtes-vous sûr de vouloir supprimer ce fichier ?
Are you sure you want to delete this item?,Êtes-vous sûr de vouloir supprimer cet élément ?
Are you sure you want to delete this relationship? This action cannot be undone.,Êtes-vous sûr de vouloir supprimer cette relation ? Cette action ne peut pas être annulée.
Are you sure you want to delete this visualization? This action cannot be undone.,Êtes-vous sûr de vouloir supprimer cette visualisation ? Cette action ne peut pas être annulée.
Are you sure?,Êtes-vous sûr ?
Ask Bert,Demander à Bert
Attachment,Pièce jointe
Attachment deleted,Pièce jointe supprimée
Attachment renamed,Pièce jointe renommée
Attachment uploaded,Pièce jointe téléchargée
Attachments,Pièces Jointes
Authentication code,Code d'authentification
Auto,Auto
auto created,créé automatiquement
Auto-accept suggestions,Accepter automatiquement les suggestions
auto-created,créé automatiquement
Auto-translate,Auto-translate
Automatic Table of Contents,Table des matières automatique
Automatically generated,Généré automatiquement
Available default translation,Traduction par défaut disponible
Back,Retour
Back to,Retour à
Back to details,Retour aux détails
Back to search,Retour à la recherche
Bad Request,Erreur de requête
Basic,Notions de base
Bert,Bert
Bidirectional,Bidirectionnel
Body,Corps
boolean,booléen
Browse files to upload,Parcourir les fichiers à télécharger
"by ids, methods, keywords, etc.","par identifiants, méthodes, mots-clés, etc."
By logging in you accept the essential session cookie required to stay signed in.,"En vous connectant, vous acceptez le cookie de session indispensable pour rester connecté."
Can edit,Peut éditer
Can see,Peut voir
Can view,Peut voir
Cancel,Annuler
cancel csv import,Annuler le processus d'importation. Cela arrêtera la création de nouvelles entités. Les entités déjà créées ne seront pas affectées
Canceling,Annulation
Canceling...,Annulation...
Cancelled,Annulé
Cannot connect to server,Impossible de se connecter au serveur
Cannot find extractor,Impossible de trouver l'extracteur
Captcha,Captcha
Captcha bypass,"En activant cette option, vous autorisez les utilisateurs à soumettre vos modèles en liste blanche sans avoir à remplir de CAPTCHA. 
Le formulaire continuera d'afficher le captcha aux utilisateurs finaux, mais le point de terminaison de l'API acceptera les soumissions sans validation CAPTCHA si un 
en-tête ""Bypass-Captcha: true"" est envoyé. Cette option n'est pas sécurisée et peut être exploitée pour inonder votre instance de spam ou de 
contenu malveillant."
Cards,Cartes
Cards view,Vue en cartes
Category,Catégorie
Change,Modifier
Change Password,Modifier le mot de passe
Changes in the thesaurus will impact all the entities using these values.,Les modifications apportées au thésaurus auront des répercussions sur toutes les entités utilisant ces valeurs.
Changing the type will erase all relationships to this entity.,La modification du type entraînera la suppression de toutes les relations associées à cette entité.
Character support description,"Cette option améliore la prise en charge des langues non latines en tant que langues par défaut de votre collection.
Si vous sélectionnez cette option, toutes les propriétés des modèles seront mises à jour automatiquement. Ce processus peut prendre plusieurs minutes. Cette option est susceptible de modifier les URL des filtres de la bibliothèque. Par conséquent, si vous avez des menus ou des liens utilisant ces URL, ils risquent de ne plus fonctionner.
Vous devrez les mettre à jour manuellement. Une fois cette option sélectionnée, vous ne pourrez plus revenir à l'ancienne nomenclature des propriétés. Si vous ne rencontrez pas de problèmes avec les noms de propriétés de vos modèles, nous vous recommandons de ne pas cocher cette case."
Character support process warning,"Ce processus peut prendre plusieurs minutes et modifiera probablement les URL des filtres de la bibliothèque. Si vous avez des menus ou des liens utilisant ces URL, ils risquent de ne plus fonctionner après la mise à jour. Vous devrez les mettre à jour manuellement."
Character support revert warning,"Une fois cette option sélectionnée, vous ne pourrez plus revenir à l'ancienne nomenclature des propriétés. Si vous ne rencontrez pas de problèmes avec les noms de propriétés de vos modèles, nous vous recommandons de ne pas cocher cette case."
Chart,Graphique
Chart options,Options du graphique
Chart theme,Thème du graphique
Chart type,Type de graphique
Chart type uses a custom view,Le type de graphique utilise une vue personnalisée
Check to make this instance public (non-logged in users can see public documents and entities),Cochez cette case pour rendre cette instance publique (les utilisateurs non connectés peuvent consulter les documents et entités publics)
Checking which images fit the requirements,Vérification en cours des images correspondant aux exigences...
Choose,Choisissez
Choose PDF files,Choose PDF files
Choose relation type,Choisissez le type de relation
Choose which data to use for training,Choisissez les données à utiliser pour l'entraînement
Chrome header,En-tête de la barre supérieure
Clear,Effacer
Clear all,Tout effacer
Clear All,Tout effacer
Clear all filters,Effacer tous les filtres
Clear coordinates,Effacer les coordonnées
Clear Filters,Effacer les filtres
Clear PDF selection,Effacer la sélection dans le PDF
Clear search,Effacer la recherche
Click,Cliquez
Click to fill,Cliquez pour remplir
Click to select an image,Cliquez pour sélectionner une image
Click to select audio or video,Cliquez pour sélectionner un fichier audio ou vidéo
Click to select files,Cliquez pour sélectionner des fichiers
Close,Fermer
Code,Code
Collaborator,Collaborateur
Collaborators,Collaborateurs
Collapse all,Tout réduire
Collapse All,Tout réduire
Collection,Collection
Collection Name,Nom de la collection
Colors,Couleurs
Colors come from the server data layer. Preview shows assigned bucket colors when available.,Les couleurs proviennent de la couche de données du serveur. L'aperçu affiche les couleurs attribuées aux compartiments lorsqu'elles sont disponibles.
Columns,Colonnes
combine or exclude terms,combiner ou exclure des termes
Comfortable,Confortable
Common sources,Sources courantes
Compact,Compacte
Completed,Terminé
Completed with errors,Terminé avec des erreurs
Config,Configuration
Configuration,Configuration
Configure filters,Configurer les filtres
Configure templates,Configurer les modèles
Confirm,Confirmer
CONFIRM,CONFIRMER
Confirm action,Confirmer l'action
Confirm delete connection,Confirmer la suppression de la connexion
Confirm delete multiple items,Êtes-vous sûr de vouloir supprimer tous les éléments sélectionnés ?
Confirm deletion,Confirmer la suppression
Confirm deletion of,Confirmer la suppression de
Confirm deletion of entity,Confirmer la suppression de l'entité
Confirm deletion of file,Confirmer la suppression du fichier
Confirm new password,Confirmer le nouveau mot de passe
Confirm your password,Confirmez votre mot de passe
Connect to a paragraph,Se connecter à un paragraphe
Connect to an entity,Se connecter à une entité
Connect to entity,Se connecter à l'entité
Connected entities,Entités liées
Connected to server,Connecté au serveur
Connection type,Type de connexion
Contact email description,Vous pouvez configurer ici l'e-mail de contact ainsi que l'adresse qui apparaît lorsque Uwazi envoie une notification à un utilisateur
Contact Form,Formulaire de contact
Contact form email,E-mail du formulaire de contact
Contains,Contient
Content translations,Traductions de contenu
Context,Contexte
Continue,Continuer
Conversion failed,Échec de la conversion
Cookie preferences,Préférences en matière de cookies
Copied,Copié
Copied to clipboard,Copié dans le presse-papiers
Copy,Copier
Copy From,Copier de
Copy from,Copier depuis
Copy from this entity,Copier depuis cette entité
Copy from...,Copier depuis…
Copy Highlighted,Copier surligné
Copy link,Copier le lien
Copy properties to this entity from,Copier les propriétés de cette entité à partir de
Copy to clipboard,Copier dans le presse-papiers
Could not add media. Please try again.,Impossible d'ajouter un fichier multimédia. Veuillez réessayer.
Could not be processed,N'a pas pu être traité
Could not create entity,Impossible de créer l'entité
Could not detect the area for the selected text,"Impossible de détecter la zone du texte sélectionné, veuillez réessayer la sélection."
Could not load suggestions.,Impossible de charger les suggestions.
Could not reach server. Please try again later.,Impossible d'accéder au serveur. Veuillez réessayer plus tard.
Count,Nombre
Create,Créer
CREATE,Créer
Create a type to continue.,Créez un type pour continuer.
Create and edit thesauri,Créer et modifier des thésaurus
Create Connection,Créer une connexion
Create entity,Créer une entité
Create Entity,Créer une entité
Create Extractor,Créer un extracteur
Create new entities and upload documents,Créer de nouvelles entités et télécharger des documents
Create new entity from selection,Créer une nouvelle entité à partir de la sélection
Create Reference,Créer une référence
Create relationship,Créer une relation
Create relationship types,Créer des types de relations
Create relationships and references,Créer des relations et des références
Create table of contents,Créer une table des matières
Create visualization,Créer une visualisation
Created,Créé
Created entity,Entité créée
Created entity coming from a public form,Entité créée à partir d’un formulaire public
Created page,Page créée
Created relation type,Type de relation créé
Created relationship,Relation créée
Created template,Modèle créé
Created thesaurus,Thésaurus créé
Created user group,Groupe d'utilisateurs créé
Creating entities,Création d'entités
Creating relationships,Création de relations
Creating thesauri,Création de thésaurus
Creation date,Date de création
CSS,CSS
csv blank state message,Importez des fichiers CSV ou ZIP pour créer des entités en masse. Sélectionnez **+ Importer CSV** pour commencer.
CSV Import,Importation CSV
CSV import cancelled,Importation CSV annulée
CSV import completed,Importation du fichier CSV terminée
CSV import failed,Échec de l'importation du fichier CSV
CSV or ZIP up to 50MB,Fichier CSV ou ZIP d'une taille maximale de 50 Mo
Ctrl K,Ctrl+K
Current Value/Suggestion,Valeur actuelle / Suggestion
"Custom colors are not available for this chart type. Use the chart palette or template
            colors instead.","Les couleurs personnalisées ne sont pas disponibles pour ce type de graphique. Utilisez plutôt la palette de couleurs du graphique ou les
couleurs du modèle."
Custom component error,Erreur de balisage du composant personnalisé : valeurs non prises en charge ! Veuillez vérifier votre configuration
Custom CSS,CSS personnalisé
Custom Favicon,Favicon personnalisée
Custom JS,JS personnalisé
Custom landing page,Page d'accueil personnalisée
custom page error warning,"Une erreur inattendue s'est produite sur cette page personnalisée, il se peut qu'elle ne fonctionne pas correctement. Veuillez contacter un administrateur pour plus de détails."
Custom Uploads,Téléchargements personnalisés
Customize,Personnaliser
Customized,Personnalisé
Dark,Sombre
Dark Theme,Thème sombre
Dashboard,Tableau de bord
Data may be outdated.,Les données peuvent être obsolètes.
Data source,Source des données
Data sources,Sources des données
Data visualizations,Visualisations de données
Data was updated recently. You can refresh again in a few seconds.,Les données ont été mises à jour récemment. Vous pourrez actualiser de nouveau dans quelques secondes.
Date,Date
Date added,Date ajoutée
Date modified,Date de modification
"Date or numeric × numeric enables scatter and heatmap. Line, area, and bar plot the
                measure over the primary dimension (e.g. max engine size per registration date).","Les combinaisons ""date"" ou ""valeur numérique × valeur numérique"" permettent d'afficher un nuage de points et une carte thermique. Les graphiques linéaires, en aires et à barres représentent la
 mesure en fonction de la dimension principale (par exemple, la cylindrée maximale par date d'immatriculation)."
"Date or numeric × select enables line and area charts with one line per breakdown
                value over time.","Date ou valeur numérique × sélection : permet de créer des graphiques linéaires et en aires avec une ligne par valeur de ventilation
 au fil du temps."
Date range,Plage de dates
Day,Jour
"Deep-merged onto the generated ECharts option. Use for fine-tuning options not exposed in
          the Chart tab.","Intégré en profondeur dans l'option ECharts générée. À utiliser pour affiner les paramètres qui ne sont pas accessibles dans
l'onglet ""Graphique""."
Default,Par défaut
Default date format,Format de date par défaut
Default filter,Filtre par défaut
Default language,Langue par défaut
Default language change success,Succès du changement de langue par défaut
Default template,Modèle par défaut
Default template set successfully.,Le modèle par défaut a été défini avec succès.
Default View,Affichage par défaut
Delete,Effacer
DELETE,Effacer
Delete entities and documents,Supprimer des entités et des documents
Delete file,Supprimer le fichier
Delete relationship,Supprimer la relation
Delete relationships,Supprimer les relations
Delete?,Supprimer ?
Deleted attachment,Pièce jointe supprimée
Deleted custom file,Fichier personnalisé supprimé
Deleted entity,Entité supprimée
Deleted file,Fichier supprimé
Deleted multiple entities,Plusieurs entités supprimées
Deleted page,Page supprimée
Deleted relation type,Type de relation supprimé
Deleted relationship,Relation supprimée
Deleted successfully.,Suppression effectuée avec succès.
Deleted template,Modèle supprimé
Deleted thesaurus,Thésaurus supprimé
Deleted user,Utilisateur supprimé
Deleted user group,Groupe d'utilisateurs supprimé
Deletion success,Suppression réussie
Density,Densité
Description,Description
Deselect all,Tout désélectionner
Details,Détails
Direction,Direction
Disable,Désactiver
Disable highlights,Désactiver la mise en évidence
Disabled 2FA,Authentification à deux facteurs désactivée
Discard,Abandonner
Discard changes,Annuler les modifications
Discard changes?,Annuler les modifications ?
Dismiss,Ignorer
Display entity view from page,Afficher la vue de l'entité depuis la page
Display options,Options d'affichage
Do you want disable 2FA for the following users?,Souhaitez-vous désactiver l'authentification à deux facteurs (2FA) pour les utilisateurs suivants ?
Do you want reset the password for the following users?,Souhaitez-vous réinitialiser le mot de passe des utilisateurs suivants ?
Do you want to delete the following items?,Souhaitez-vous supprimer les éléments suivants ?
Document,Document
Document contents,Contenu du document
Document OCR trigger,Déclencheur OCR pour les documents
Document Title,Titre du document
Document updated,Document mis à jour
Documentation,Documentation
documents,Documents
Documents,Documents
documents.,Documents.
Done,Terminé
Done creating entities,La création des entités est terminée
Done creating relationships,La création des relations est terminée
Done creating thesauri,La création des thésaurus est terminée
Done extracting files,Extraction des fichiers terminée
Done scanning,La numérisation est terminée
Download,Télécharger
Download a third-party authenticator app from your mobile store.,Téléchargez une application d'authentification tierce depuis votre boutique d'applications mobile.
Download all,Tout télécharger
Download failed rows,Télécharger les lignes en échec
Draft restored from release.,Brouillon restauré à partir de la version publiée.
Drag and drop file in this window to upload,Faites glisser et déposez le fichier dans cette fenêtre pour le télécharger
Drag row,Glisser une ligne
Drop your files here to upload or,Déposez vos fichiers ici pour les télécharger ou
Duplicate values not allowed.,Les valeurs en double ne sont pas autorisées.
Duplicated email,Courriel en double
Duplicated name,Nom dupliqué
Duplicated username,Nom d'utilisateur en double
Duration,Durée
e.g.,par exemple
Each series uses the template brand color when comparing data sources.,Chaque série utilise la couleur de marque du modèle lors de la comparaison des sources de données.
Earlier,Auparavant
Edit,Éditer
Edit at source,Modifier à la source
Edit date,Date de modification
Edit Extractor,Modifier l'extracteur
Edit File,Modifier le fichier
Edit group,Modifier le groupe
Edit item,Modifier l'élément
Edit metadata of entities,Modifier les métadonnées des entités
Edit theme,Modifier le thème
Edit user,Modifier un utilisateur
Edited,Modifié
Editor,Éditeur
editor,Éditeur
Editors,Rédacteurs
Email,E-mail
Embed,Intégrer
Embed in pages,Intégrer dans des pages
Empty,Vide
Empty group. Drop here to add,Groupe vide. Glisser-déposer ici pour ajouter
empty property tip,Vous ne pourrez pas enregistrer une entité si cette propriété est vide.
Enable,Activer
Enable public embedding to use this chart in external sites on private instances.,Activez l'intégration publique pour pouvoir utiliser ce graphique sur des sites externes au sein d'instances privées.
Enable this page to be used as an entity view page:,Activez cette page pour qu'elle soit utilisée comme page de visualisation des entités :
Enter the 6-digit verification code generated by your Authenticator app,Saisissez le code de vérification à 6 chiffres généré par votre application Authenticator
"Enter the full username, email, or group name. Suggestions are not shown.","Saisissez le nom d'utilisateur complet, l'adresse e-mail ou le nom du groupe. Aucune suggestion n'est affichée."
Enter your current password to confirm,Saisissez votre mot de passe actuel pour confirmer
Entities,Entités
entities,Entités
Entities across all languages,Entités dans toutes les langues
Entities created,Entités créées
Entities updated,Entités mises à jour
entities · generated,entités · générées
Entity,Entité
Entity creation stage completed.,La phase de création de l'entité est terminée.
Entity deleted,Entité supprimée
Entity Page,Page d'entité
Entity saved,Entité enregistrée
Entity scope,Portée de l'entité
Entity type,Type d'entité
Entity types,Types d'entités
Entity updated,Entité mise à jour
Error,Erreur
Error adding thesauri.,Erreur lors de l'ajout des thésaurus.
Error loading your image,Erreur lors du chargement de votre image
Error loading your media,Error loading your media
Error saving template.,Erreur lors de l'enregistrement du modèle.
Error updating thesauri.,Erreur lors de la mise à jour des thésaurus.
Every language has a value — use the re-translate button on a row,Every language has a value — use the re-translate button on a row
evidence,preuves
exact phrase,expression exacte
Expand all,Tout développer
Expand All,Tout développer
Export CSV,Exporter CSV
Exporting entities to CSV,Exporter des entités vers CSV
Extension Token,Jeton d'extension
External embed,Intégration externe
Extract new paragraphs,Extraire de nouveaux paragraphes
Extract paragraphs,Extraire des paragraphes
Extracting files,Extraction de fichiers
Extracting files from uploaded package.,Extraction des fichiers du package téléchargé.
Extraction configuration,Configuration d'extraction
Extractor Name,Nom de l'extracteur
Extractor name,Nom de l'extracteur
Extractor/s deleted,Extracteur(s) supprimé(s)
Extractors,Extracteurs
Failed,Échec
Failed to mark table of contents as reviewed,Impossible de marquer la table des matières comme ayant été relue
Failed to save table of contents,Échec de l'enregistrement de la table des matières
Failure details,Détails de l'échec
Favicon description,"Un favicon est une petite icône qui représente votre collection dans les onglets et les favoris du navigateur. Le favicon par défaut est le logo Uwazi. Pour utiliser le vôtre :

1. Téléchargez votre icône dans Téléchargements personnalisés si nécessaire.
2. Cliquez sur ""Sélectionner l'image du favicon"" et choisissez un fichier (images des Téléchargements personnalisés uniquement).
3. Rechargez la page pour voir votre favicon."
Favicon no images hint,"Indication ""Aucune image"" pour la favicon"
FEATURED,À LA UNE
File,Fichier
file,fichier
File deleted,Fichier supprimé
File details,Détails du fichier
File extraction completed successfully.,L'extraction des fichiers s'est déroulée avec succès.
File name,Nom du fichier
File preview unavailable,Aperçu du fichier indisponible
File updated,Fichier mis à jour
Files,Fichiers
files,fichiers
Files and database usage,Utilisation des fichiers et de la base de données
Fill,Remplir
Filter,Filtre
Filter unauthorized relationships,"Par défaut, les relations pointant vers des entités restreintes sont visibles par les utilisateurs anonymes, mais sans lien actif. Lorsque cette option est activée, ces relations sont entièrement masquées, empêchant les utilisateurs publics de savoir qu'un contenu restreint existe."
Filters,Filtres
Filters AND operator,ET
Filters configuration,Configuration des filtres
Filters configuration description,"Par défaut, les utilisateurs peuvent filtrer les entités de la bibliothèque en fonction des types que vous avez définis. Vous pouvez toutefois configurer la manière dont ces types d'entités seront affichés :"
Filters configuration example,"Sélectionnez ""Ajouter un groupe"" ci-dessous pour regrouper les filtres sous une étiquette, par exemple (""Documents"" ou ""Personnes"")"
Filters OR operator,OU
Filters saved,Filtres enregistrés
Find,Trouver
Find suggestions,Trouver des suggestions
Find suggestions after training,Rechercher des suggestions après l'entraînement
Find suggestions for,Rechercher des suggestions pour
Find suggestions for selected,Rechercher des suggestions pour la sélection
Finding suggestions,Recherche de suggestions
Fit,Adapter
Flag,Drapeau
for,pour
For all entities,Pour toutes les entités
For entities with blank values,Pour les entités dont les valeurs sont vides
Forgot Password or Username?,Mot de passe ou identifiant oublié ?
Forms and email configuration,Configuration des formulaires et des e-mails
From,De
From all suggestions,Parmi toutes les suggestions
From previous step,À partir de l'étape précédente
From selection,Extrait de la sélection
From:,De :
Full mode,Mode complet
Full width,Pleine largeur
General,Général
General access,Accès général
General Information,Informations générales
Generated ID,Identifiant généré
Global CSS,CSS global
Global CSS & JS,CSS et JS globaux
Global JS,JS global
Google,Google
Google Analytics,Google Analytics
Google Maps,Google Maps
Group,Groupe
Group by,Regrouper par
group expressions,expressions de groupe
Group Options,Options de groupe
Group saved,Groupe enregistré
Group updated,Groupe mis à jour
Grouped geolocation properties,Propriétés de géolocalisation regroupées
Groups,Groupes
Header and button preview,Aperçu de l'en-tête et du bouton
Header bar active background,Arrière-plan actif de la barre d'en-tête
Header bar background,Arrière-plan de la barre d'en-tête
Header bar divider,Séparateur de barre d'en-tête
Header bar hover background,Arrière-plan de la barre d'en-tête au survol
Header bar text,Texte de la barre d'en-tête
help,Aide
here,ici
"Hi, I'm Bert.","Salut, je m'appelle Bert."
Hide,Masquer
Hide actions,Masquer les actions
Hide details,Masquer les détails
Hide label,Masquer l'étiquette
Hide restricted relationships from public,Masquer les relations restreintes au public
Hide toolbar,Masquer la barre d'outils
HTML,HTML
https://yourdomain,https://votredomaine
hub,Nœud central
hubs,nœuds centraux
Hybrid,Hybride
Icon,Icône
ID,ID
ID:,ID :
"If an account exists with the email you provided, you will receive an email
                        with instructions to reset your password.","Si un compte est déjà associé à l'adresse e-mail que vous avez indiquée, vous recevrez un e-mail
 contenant les instructions pour réinitialiser votre mot de passe."
"If it is an external URL, use a fully formed URL. Ie. http://www.uwazi.io.","Si c'est une URL externe, utilisez une URL complète. Par exemple, http://www.uwazi.io."
"If you want to continue, please type","Si vous voulez continuer, veuillez taper"
Image doesn't match the required size.,La taille de l'image ne correspond pas à celle requise.
Import,Importer
Import asset,Importer un élément
Import CSV,Importer CSV
Import failed. Review details below.,L'importation a échoué. Consultez les détails ci-dessous.
Import finished successfully.,L'importation s'est déroulée avec succès.
Import finished with errors. Review details below.,L'importation s'est terminée avec des erreurs. Consultez les détails ci-dessous.
Import is currently processing rows.,L'importation est en cours de traitement des lignes.
Import is retrying after an error.,L'importation est en cours de réessai suite à une erreur.
Import theme instance file,Importer le fichier d'instance du thème
Import was cancelled.,L'importation a été annulée.
Imported translations from file,Traductions importées depuis un fichier
in,dans
"In a group, either all relationships must have a hub or none of them.","Dans un groupe, soit toutes les relations doivent avoir un nœud central, soit aucune ne doit en avoir."
In OCR queue,dans la file d'attente OCR
In use,En cours d'utilisation
Include all entities,Inclure toutes les entités
Include only public,N'inclure que les entités publiques
Incoming,Entrant
Info,Infos
Information extraction training,Formation à l'extraction d'informations
Inherit,Hériter
Inherit property,Hériter la propriété
Inherit type,Hériter du type
"Inherited values are read-only. Change the connection above, or edit the source entity.",Les valeurs héritées sont en lecture seule. Modifiez la connexion ci-dessus ou modifiez l'entité source.
inherits,hérite de
Input,Saisie
Input type,Type de saisie
Install,Installer
Install Language(s),Installer la ou les langues
Install the browser extension.,Installez l'extension de navigateur.
Installing languages,Installation des langues
"Instructions on how to achieve this will vary according to the app used, please refer to the app's documentation.",La procédure à suivre pour y parvenir varie en fonction de l'application utilisée ; veuillez vous reporter à la documentation de celle-ci.
Instructions to reset password,"Si l'adresse e-mail fournie est correcte, nous vous enverrons les instructions pour réinitialiser le mot de passe."
Instructions to reset the password were sent to the user,Les instructions permettant de réinitialiser le mot de passe ont été envoyées à l'utilisateur
Invalid captcha,Captcha invalide
Invalid csv: all the values for a row must be either nested or non-nested,"Fichier CSV non valide : toutes les valeurs d'une ligne doivent être soit imbriquées, soit non imbriquées"
Invalid csv: nested value need to be under a non-nested value,Fichier CSV non valide : les valeurs imbriquées doivent se trouver sous une valeur non imbriquée
Invalid form,Une saisie est obligatoire ou contient une valeur invalide. Veuillez corriger et réessayer.
Invalid URL,URL non valide
It could also very easily break the app. Only write code here if you know exactly what you are doing.,Cela pourrait aussi très facilement casser l'application. N'écrivez du code ici que si vous savez exactement ce que vous faites.
it has been logged with request id #,elle a été enregistrée sous le numéro de demande #
Item,Élément
Items:,Articles :
Javascript,JavaScript
juris*,juris*
key,French
Label,Étiquette
"Label date ""From""",Du
"Label date ""to""",Au
Labeled,Étiqueté
Landing page,Page d'accueuil
Landing page description,"La page d'accueil est la première page que voient les visiteurs lorsqu'ils accèdent à votre collection. La page d'accueil par défaut est la bibliothèque de votre collection. Vous pouvez définir une page d'accueil différente en ajoutant son URL relative ici. Par exemple :

Une page : */page/dicxg0oagy3xgr7ixef80k9*
Une vue filtrée dans Uwazi : */library/?searchTerm=test*
Une entité : */entity/9htbkgpkyy7j5rk9*
Un document : */document/4y9i99fadjp833di*

Important : vous devez utiliser des URL relatives. Celles-ci commencent par une barre oblique et n'incluent pas le nom de domaine. Par exemple : dans l'adresse *https://yoursite.com/landingpage*, l'URL relative est /landingpage"
Language,Langue
Language Code,Code de langue
Language deleted,Langue supprimée
Language reset success,Réinitialisation de la langue réussie
Language uninstalled successfully,La langue a été désinstallée avec succès
Language(s),Langue(s)
Language:,Langue :
Languages,Langues
Languages installed successfully,Langues installées avec succès
Last updated,Dernière mise à jour
Last updated from collection:,Dernière mise à jour de la collection :
Latitude,Latitude
Latitude must be between -90 and 90,La latitude doit être comprise entre -90 et 90
Learn how to add and configure a contact form on a webpage.,Découvrez comment ajouter et configurer un formulaire de contact sur une page web.
Learn how to build your first collection,Découvrez comment créer votre première collection
Learn more,En savoir plus
Learn more about the components.,En savoir plus sur les composants.
Legend,Légende
Lengthy reindex process,Processus de réindexation fastidieux
Library,Bibliothèque
library list view,Bilbliothèque en vue par liste
library map view,Bilbliothèque en vue cartographique
library table view,Bilbliothèque en vue tabulaire
Light,Clair
Light Theme,Thème clair
Link,Lien
linked,Lié
List,Liste
List renders as a table. Use the options below to filter empty or zero values.,La liste s'affiche sous forme de tableau. Utilisez les options ci-dessous pour filtrer les valeurs vides ou égales à zéro.
Live preview,Aperçu en direct
Live translate,Traduction en direct
Load,Charger
Load example,Charger un exemple
Load more,Afficher plus
Loading,Chargement en cours
Local time,Heure locale
Login,Connexion
Login button,Bouton de Connexion
Login failed,Échec de la connexion
Logout,Se déconnecter
Longitude,Longitude
Longitude must be between -180 and 180,La longitude doit être comprise entre -180 et 180
Lookup help,Aide à la recherche
Lost connection to the server. Your changes may be lost,La connexion au serveur a été interrompue. Vos modifications risquent d'être perdues.
low,Bas
Machine translated — editing this row clears the marker,Machine translated — editing this row clears the marker
Manage relationship types,Gérer les types de relations
Manage site settings and configuration,Gérer la configuration et les paramètres du site
Manage types,Gérer les types
Manual data,Données manuelles
Manually set a color,Définir manuellement une couleur
Map,Carte
Map api key,Clé API de la carte
Map API key,Clé API de la carte
Map api key tooltip,Une clé API est requise pour utiliser Mapbox ou Google Maps.
Map Layers,Couches cartographiques
Map layers description,Description des couches cartographiques
Map Provider,Fournisseur de cartes
Map view,Vue sur carte
Mapbox,Mapbox
Mapping conflict error,"Une réindexation de votre collection est nécessaire. La raison peut varier
        -- d'une modification apportée à la propriété d'un modèle à de nouveaux champs
        devant être renseignés pour l'ensemble des entités.
        Ce processus n'affectera pas négativement les données de votre collection.
        Il peut durer quelques minutes et certaines parties de votre collection pourraient
        mettre un certain temps à réapparaître dans la Bibliothèque, mais c'est temporaire. Voulez-vous continuer ?"
Maps,Cartes
Mark as Reviewed,"Marquer comme ""vérifié"""
Mark as reviewed,"Marquer comme ""vérifié"""
Markdown,Markdown
"Markdown support in custom pages will be discontinued starting in 2027. Upgrade this page
          when its content no longer relies on Markdown syntax.","La prise en charge de Markdown dans les pages personnalisées sera supprimée à partir de 2027. Mettez cette page à jour
lorsque son contenu ne reposera plus sur la syntaxe Markdown."
marked and labeled,marqué et étiqueté
marked for training,marqué pour la formation
Marked for training + all labeled entries,Marquées pour la formation + toutes les entrées étiquetées
Marked for training only,Marquées pour la formation uniquement
Match,Cohérence
match,résultat
match verbatim,correspondre mot pour mot
matches,résultats
"matches jurisdiction, jurists, jurisprudence","correspond à : juridiction, juristes, jurisprudence"
Matches show the passage and the page they are on.,Les résultats indiquent le passage et la page où ils se trouvent.
Matching,Correspondance
matching,correspondant
Matomo,Matomo
Members,Membres
Menu,Menu
Message,Message
Message sent,Message envoyé
Metadata,Métadonnées
Metadata Extraction,Extraction de métadonnées
"Metric shows a single total count. Select Pie, Bar, or another chart type above to
            configure categories, labels, and slices. Use the Appearance tab for colors.","La métrique affiche un seul total. Sélectionnez ""Camembert"", ""Histogramme"" ou un autre type de graphique ci-dessus pour
 configurer les catégories, les libellés et les parts. Utilisez l'onglet ""Apparence"" pour définir les couleurs."
MIGRATE,MIGRER
Minimum,Minimum
Mismatch,Incohérence
mismatched passwords,Les mots de passe ne correspondent pas
mismatching,non correspondant
Mixed access,Accès mixte
ML TOC,Table des matières ML
Modified,Modifié
Month,Mois
Months,Mois
More,Plus
more,plus
more options.,plus d'options.
More rows per screen; same type size,Plus de lignes à l'écran : même taille de police
Multi-source mode,Mode multi-source
Multiple date,Dates multiples
Multiple date range,Plages de dates multiples
Multiple inherited properties warning ([property 1] affects [property 2]),affecte
Multiple matches found,Plusieurs résultats trouvés
Multiple relationships edit description,"Toute modification apportée à cette propriété affectera les autres propriétés de ce modèle, car elles partagent toutes des relations avec la même configuration."
Multiple select,Sélection multiple
Name,Nom
Name is required,Le nom est obligatoire
Name is too long,Le nom est trop long
Name is too short,Le nom est trop court
Narrow down your searches,Affinez vos recherches
"Narrow entities before aggregation. With multiple sources, pick the property under the
        source alias so each filter applies only to that series.","Limitez les entités avant l'agrégation. En cas de sources multiples, sélectionnez la propriété sous l'
alias de la source afin que chaque filtre ne s'applique qu'à cette série."
Narrow your search,Affiner votre recherche
Navigate back,Retour
Navigation menu tool tip part 1,"S'il s'agit d'une URL interne à ce site, veillez à supprimer la première partie"
Navigation menu tool tip part 2,ne laissant qu'une URL relative commençant par une barre oblique. Ex. /some_url.
New,Nouveau
New activity will show up here.,Les nouvelles activités s'afficheront ici.
New conversation,Nouvelle conversation
New entity,Nouvelle entité
New group,Nouveau groupe
New language added,Ajout d'une nouvelle langue
New page,Nouvelle page
New password,Nouveau mot de passe
New primary doc,Nouveau document principal
New relation type label…,Nouvelle étiquette de type de relation…
New relationship type,Nouveau type de relation
New relationships group,"Groupe ""Nouvelles relations"""
New Relationships Migration,Migration des nouvelles relations
New user,Nouvel utilisateur
Next,Suivant
No,Non
No attachments,Pas de pièces jointes
No audio or video on this entity,Cette entité ne comporte ni audio ni vidéo
No chart types match your search.,Aucun type de graphique ne correspond à votre recherche.
No common filters,Pas de filtres communs
No connected entities yet.,Aucune entité associée pour le moment.
No Connections,Pas de connexions
No Connections description,Les connexions sont les relations directes entre ce document et d'autres documents et entités.
No context,Pas de contexte
No CSVs yet,Pas encore de fichiers CSV
No data,Aucune donnée
NO DATA AVAILABLE,AUCUNE DONNÉE DISPONIBLE
No entities found,Aucune entité trouvée
NO EXTRACTORS,PAS D'EXTRACTEURS
No files available,Aucun fichier disponible
No files queued yet.,Aucun fichier n'est encore en attente.
no filters for templates,Cette combinaison de types d'entités n'a aucun filtre en commun.
No Group,Aucun groupe
No icon / flag,Pas d'icône / pas de drapeau
No images on this entity,Aucune image n'est associée à cette entité
No items available,Aucun élément disponible
No Label,Aucune étiquettes
No label,Sans étiquette
No matches for,Aucun résultat trouvé pour
No matches.,Aucun résultat.
No matching entities.,Aucune entité correspondante.
No media selected,Aucun support sélectionné
No metadata for this entity yet.,Il n'y a pas encore de métadonnées pour cette entité.
No options,Aucune option
No options found,Aucune option trouvée
No page,Aucune page
No people or groups added yet,Aucune personne ni aucun groupe n'a encore été ajouté
No primary documents,Aucun document source
No primary documents yet. Add a file to get started.,Il n'y a pas encore de documents sources. Ajoutez un fichier pour commencer.
No property,Cet élément ne possède pas cette propriété
No References,Pas de références
No References description,Les références sont des parties de ce document liées à d'autres documents et entités.
No relationship types,Aucun type de relation
No Relationships,Aucune relation
No Relationships description,Les relations sont des liens entre les entités.
No relationships found,Aucune relation trouvée
No relationships to graph,Aucune relation à représenter dans le graphe
No releases yet,Aucune version publiée pour l'instant
No results found,Aucun résultat trouvé
No supporting files yet. Add a file to get started.,Il n'y a pas encore de fichiers joints. Ajoutez un fichier pour commencer.
No table of contents,Aucune table des matières
No Table of contents,Pas de table des matières
No table of contents description,"Vous pouvez commencer par sélectionner du texte dans le document, puis cliquer sur le bouton ""Ajouter à la table des matières""."
No templates available to add.,Aucun modèle disponible à ajouter.
No text match,Aucune correspondance de texte
No text match description,Vous pouvez saisir autre chose dans la zone de recherche pour obtenir des résultats.
No timelinks added,Aucun lien temporel n'a été ajouté
No translation in,Pas de traduction en
No type,Sans type
No uploaded images fit the requirements,Aucune des images téléchargées ne correspond aux exigences de taille. Téléchargez une nouvelle image ou utilisez un éditeur pour redimensionner un fichier existant.
No user or group found,Aucun utilisateur ni groupe trouvé
No valid target template available,Aucun modèle cible valide n'est disponible
No value,Aucune valeur
No Value,Aucune valeur
No visualization data available.,Aucune donnée de visualisation n'est disponible.
"No, cancel","Non, annuler"
no-toc-description,"Vous pouvez commencer par sélectionner du texte dans le document, puis cliquer sur le bouton
              ""Ajouter à la table des matières""."
Non processed,Non traités
Non-labeled,Non étiqueté
Non-latin characters support,Prise en charge des caractères non latins
None,Aucun
Normal view,Affichage normal
Not already been use as source template in another extractor,N'a pas encore été utilisé comme modèle source dans un autre extracteur
Not already been use as target template,N'a pas encore été utilisé comme modèle cible
Not Found,Introuvable
Nothing here yet.,Il n'y a encore rien ici.
Nothing selected,Aucun élément sélectionné
Notifications,Notifications
Obsolete,Obsolète
obsolete,obsolète
OCR,OCR
OCR button tip,Cette action traitera le document afin d'en reconnaître le texte. Le fichier d'origine sera ajouté en tant que fichier d'accompagnement.
OCR completed,ROC terminé
OCR description tip 1,"Cette option active la fonctionnalité de reconnaissance optique de caractères (OCR) pour les documents PDF. Ce service reconnaît le texte à l'intérieur des images, telles que les documents numérisés et les photos, et le convertit en données textuelles exploitables par machine."
OCR description tip 2,"Une fois activée, cette option permet aux utilisateurs administrateurs et éditeurs d'envoyer des documents PDF au service OCR."
OCR error,Erreur OCR
OCR error tip,Le moteur OCR n'a pas pu lire le document en raison d'un format incorrect. Dernière mise à jour
OCR PDF,OCR PDF
of,de
Ok,D'accord
OK,OK
On this entity,Sur cette entité
one character,un caractère
Only essential,Uniquement l'essentiel
"Only properties with the same name and configuration in every data source are available
            for both dimensions.","Seules les propriétés portant le même nom et présentant la même configuration dans toutes les sources de données sont disponibles
 pour ces deux dimensions."
Only published entities are counted.,Seules les entités publiées sont prises en compte.
"Only templates that are not used as source in any other extractor and are not
                selected as target in this extractor are available for selection.","Seuls les modèles qui ne sont utilisés comme source dans aucun autre extracteur et qui ne sont pas
sélectionnés comme cible dans cet extracteur peuvent être sélectionnés."
"Only templates with at least one rich text property and one numeric property are
                available for selection.","Seuls les modèles comportant au moins une propriété de texte enrichi et une propriété numérique sont
disponibles à la sélection."
"Only the extractor will be deleted, all created entities will remain on the library.",Seul l'extracteur sera supprimé ; toutes les entités créées resteront dans la bibliothèque.
Open,Ouvrir
Open entity,Ouvrir l'entité
Open group,Ouvrir le groupe
Open link,Ouvrir le lien
Open PDF,Ouvrir le PDF
Open the two-factor Authenticator app on your device,Ouvrez l'application d'authentification à deux facteurs sur votre appareil
Options,Options
or,ou
or drag and drop here,ou glisser-déposer ici
or drag and drop PDF files here,or drag and drop PDF files here
or drop your files here.,ou déposez vos fichiers ici.
Or paste a URL,Ou collez une URL
Order,Organiser par
Other,Autre
other,Autre
Other users will be affected by this action!,Cette action aura des répercussions sur d'autres utilisateurs !
Others,Autres
Outgoing,Sortant
p.,p.
Page,Page
Page not found,Page non trouvée
Page published successfully.,La page a été publiée avec succès.
Pages,Pages
Paragrap number extraction property (numeric),Propriété d'extraction du numéro de paragraphe (numérique)
Paragraph,Paragraphe
Paragraph Extraction,Extraction de paragraphes
Paragraph Extractor added,Extracteur de paragraphes ajouté
Paragraph text extraction property (rich text),Propriété d’extraction de texte par paragraphe (texte enrichi)
Paragraphs,Paragraphes
Paragraphs deleted,Paragraphes supprimés
parties,parties
Password,Mot de passe
Password + 2fa,Mot de passe + authentification à deux facteurs
Password changed success,Le mot de passe a été modifié avec succès
Password is too long,Le mot de passe est trop long
Passwords do not match,Les mots de passe ne correspondent pas
Paste an audio or video URL to use it as this property without uploading a file. Press Enter to apply.,Collez l'URL d'un fichier audio ou vidéo pour l'utiliser comme valeur de cette propriété sans avoir à télécharger de fichier. Appuyez sur Entrée pour valider.
Paste an image URL to use it as this property without uploading a file. Press Enter to apply.,Collez l'URL d'une image pour l'utiliser comme propriété sans avoir à télécharger de fichier. Appuyez sur Entrée pour valider.
Paste this tag in a page HTML. The chart uses the page language.,Collez cette balise dans le code HTML d'une page. Le graphique utilise la langue de la page.
Paste URL,Coller l'URL
Paste URL here,Collez l'URL ici
PDF,PDF
Pending,En attente
People and groups,Personnes et groupes
per page,par page
Permission,Autorisation
Permission level,Niveau d'autorisation
Permission on entities explicitly shared with the user,Permission sur les entités explicitement partagées avec l'utilisateur
Permissions,Autorisations
Permissions updated,Mise à jour des autorisations
Pick a color,Choisissez une couleur
Pick another,Choisir une autre
Plain text,Texte brut
Please contact an admin for details.,Veuillez contacter un administrateur pour plus de détails.
Please type in,Veuillez saisir
Please type in letters and numbers from the image to start the export.,Veuillez saisir les lettres et les chiffres de l'image pour lancer l'exportation.
Pre-filled from your selection. Edit as needed.,Prérempli en fonction de votre sélection. Modifiez si nécessaire.
Preflight scan completed.,La vérification préalable est terminée.
Preparing required relationships.,Préparation des relations requises.
Preparing required thesauri values.,Préparation des valeurs requises du thésaurus.
Preserve,Preserve
Preserve Extension,"Extension ""Preserve"""
Preserve Setup Description,"Si vous connaissez l'URL et le TOKEN de votre Uwazi, cliquez sur le lien ci-dessous et renseignez les informations demandées."
Press enter to add,Appuyez sur la touche Entrée pour ajouter
Preview,Aperçu
Preview updates automatically (300ms debounce),L'aperçu se met à jour automatiquement (délai de 300 ms).
Preview updates when the JSON is valid.,L'aperçu se met à jour lorsque le JSON est valide.
Previous,Précédent
Primary,Primaire
Primary button,Bouton principal
Primary document,Document source
Primary Documents,Documents principaux
Primary documents,Documents sources
Priority sorting,Tri prioritaire
Priority sorting description,"Les propriétés marquées comme ""tri prioritaire"" seront utilisées comme critères de tri par défaut. Si plusieurs propriétés sont marquées comme ""tri prioritaire"", le système tentera de sélectionner celle qui correspond le mieux. Lors de l'affichage de types de modèles mixtes, le système sélectionnera la meilleure combinaison de critères de tri prioritaire."
Private,Privé
Private entities description,Attention : les entités sélectionnées deviendront **privées**. Seuls les utilisateurs autorisés pourront les voir.
Process,Traiter
Process extractor,Traiter l'extracteur
Process selected,Traiter la sélection
Processed,Traité
Processed rows,Lignes traitées
Processing,Traitement
Progress,Progression
Properties,Propriétés
Properties from other templates in the collection using the same label,Propriétés d'autres modèles de la collection utilisant la même étiquette
Properties from other templates in the collection using the same label.,Propriétés provenant d'autres modèles de la collection utilisant le même libellé.
"Properties marked as priority sorting will be used as default sorting criteria. If more than one property is marked as priority sorting the system will try to pick-up the best fit. When listing mixed template types, the system will pick-up the best combined priority sorting.","Les propriétés marquées comme ""tri prioritaire"" seront utilisées comme critères de tri par défaut. Si plusieurs propriétés sont marquées comme ""tri prioritaire"", le système tentera de sélectionner celle qui correspond le mieux. Lors de l'affichage de types de modèles mixtes, le système sélectionnera la meilleure combinaison de critères de tri prioritaire."
Property,Propriété
Property as filter description,"Cette propriété sera utilisée pour filtrer les résultats de la bibliothèque. Lorsque des propriétés portent le même nom et le même type de champ que celles d'autres types d'entités, elles seront combinées pour le filtrage."
property date,Date
property daterange,Plage de dates
property generatedid,ID généré
property geolocation,Géolocalisation
property image,Image
property link,Lien
property markdown,Texte enrichi
property media,Média
property multidate,Dates multiples
property multidaterange,Plages de dates multiples
property multiselect,Sélection multiple
property numeric,Numérique
property preview,Aperçu
property relationship,Relation
property select,Sélection
property text,Texte
Property type,Type de propriété
Protection,Protection
ProTip!,ProTip !
"Provide chart-ready data as JSON. Each series needs id, label, and a points array with
              label and value per row. Optional key on points helps stable colors.","Fournissez des données prêtes à être représentées sous forme de graphique au format JSON. Chaque série doit comporter un identifiant, une étiquette et un tableau de points contenant
 une étiquette et une valeur par ligne. Une clé facultative associée aux points permet de stabiliser les couleurs."
Public entities description,Attention : les entités sélectionnées deviendront **publiques**. Tout le monde pourra les voir.
Public form settings description,Vous pouvez configurer ici la destination du formulaire public ainsi que les modèles figurant sur la liste blanche
Public Form submit URL,URL d'envoi du formulaire public
Public form URL description,"Si vous avez configuré un formulaire public et souhaitez qu'une autre collection Uwazi reçoive les soumissions, indiquez son URL ici."
Public form whitelist description,"Si vous souhaitez inclure des formulaires publics sur vos pages, vous devez ajouter à la liste blanche les identifiants des modèles pour lesquels des formulaires publics sont attendus."
Public instance,Instance publique
Publish,Publier
Publish release,Publier la version
Published,Publié
Published and unpublished entities are counted.,Les entités publiées et non publiées sont prises en compte.
QR Code,Code QR
Query,Requête
Queued,En attente
RAW,RAW
"Re-runs the query against your current collection. Use this after importing
                        or editing entities—not when changing chart settings (save handles that).","Réexécute la requête sur votre collection actuelle. Utilisez cette fonction après avoir importé
ou modifié des entités — et non lorsque vous modifiez les paramètres du graphique (la sauvegarde s'en charge)."
Re-uploaded document,Document remis en ligne
Ready,Prêt
Receiving email,Reception d'e-mail
Receiving email description,"Si vous disposez d'un formulaire de contact, il s'agit de l'adresse e-mail qui recevra les soumissions du formulaire."
Recommended,Recommandé
Reference,Référence
References,Références
references,références
Refresh,Actualiser
"Refresh manually when you have added data and cannot wait for the next
                        scheduled run.",Actualisez manuellement lorsque vous avez ajouté des données et que vous ne pouvez pas attendre la prochaine exécution programmée.
Refresh mode,Mode de rafraîchissement
Reject,Rejeter
Reject all,Tout rejeter
Related entities created,Entités liées créées
Relation type,Type de relation
Relationship,Relation
Relationship created,Relation créée
Relationship Type,Type de relation
Relationship type,Type de relation
Relationship type created successfully.,Le type de relation a été créé avec succès.
Relationship type name,Nom du type de relation
Relationship type name already exists,Le nom du type de relation existe déjà
Relationship types,Types de relations
relationships,Relations
Relationships,Relations
Relationships saved,Relations enregistrées
relationships? This action cannot be undone.,relations ? Cette action ne peut pas être annulée.
RelationType saved,Type de relation sauvegardé
Release message,Message de version
Relevance,Pertinence
remaining,restant
remaining files,fichiers restants
Remote Server Unreachable,Serveur distant inaccessible
Remove,Supprimer
Remove from connection,Déconnecter
Remove from training set,Retirer de l'ensemble d'apprentissage
remove icon,Supprimer l'icône
Remove icon,Supprimer l'icône
Removed language,Langue supprimée
Rename,Renommer
Renamed attachment,Pièce jointe renommée
Repeat Password,Répéter Mot de passe
Request id #,Numéro d'identification de la demande
Request token,Demander un jeton
Required,Obligatoire
Required property,Propriété requise
Required relationships were prepared.,Les relations requises ont été établies.
Required thesauri values were prepared.,Les valeurs requises du thésaurus ont été préparées.
Reset,Réinitialiser
Reset 2FA,Réinitialiser 2FA
Reset default translation,Réinitialiser la traduction par défaut
Reset language,Réinitialiser la langue
Reset Password,Réinitialiser le mot de passe
Reset passwords,Réinitialiser les mots de passe
Resize panels,Redimensionner les panneaux
Restore,Restaurer
Restore previous version,Restaurer la version précédente
Restricted,Limité
Retryable,Peut être réessayé
Retrying,Nouvelle tentative
Return to login,Retourner à la connexion
Review,Examiner
Reviewed,Révisé
Role,Rôle
Room around every row,Plus d'espace autour de chaque ligne
Route,Itinéraire
Row,Ligne
Row density,Densité des lignes
Rows failed,Lignes ayant échoué
Rows processed,Nombre de lignes traitées
Sample,Echantillon
Satellite,Satellite
Save,Sauvegarder
Save & Preview,Enregistrer et prévisualiser
Save changes,Enregistrer les modifications
Save password,Sauvegarder le mot de passe
Save the visualization before refreshing.,Enregistrez la visualisation avant de l'actualiser.
Save the visualization to get embed code.,Enregistrez la visualisation pour obtenir le code d'intégration.
Save your work to make change permanent,Enregistrez votre travail pour que les modifications soient définitives
Saved successfully.,Enregistrement effectué.
Saved with warnings,Enregistré avec des avertissements
Saving,Enregistrement
Saving...,Enregistrement en cours...
Scanning,Numérisation
Scanning rows before import.,Analyse des lignes avant l'importation.
Schedule,Planification
Schedules run in UTC (Coordinated Universal Time).,Les horaires sont exprimés en UTC (temps universel coordonné).
Search,Recherche
"Search  •  AND, OR, NOT, ""exact"", wild*","Recherche  •  AND, OR, NOT, ""exact"", * (caractère générique)"
Search by title,Rechercher par titre
Search entities...,Rechercher des entités...
Search entities…,Rechercher des entités…
Search item,Recherche d'éléménts
Search related entities or documents,Rechercher des entités ou des documents liés
Search relationships,Rechercher des relations
Search relevance,Pertinence de recherche
Search text,Recherche de texte
Search text description,Saisissez quelque chose dans la zone de recherche pour obtenir des résultats.
Search this document,Rechercher dans ce document
Search Tips,Astuces de recherche
Search tips,Conseils de recherche
Search Tips: boolean,"AND, OR et NOT pour les recherches booléennes. Par exemple, ""statut AND femmes NOT Nicaragua"" correspondra à tout élément contenant à la fois les mots statut et femmes, et ne contenant pas le mot Nicaragua."
Search Tips: exact term,"Correspondance exacte des termes en plaçant votre chaîne de recherche entre guillemets. Par exemple, ""Costa Rica"" donnera des résultats différents de Costa Rica sans guillemets."
Search Tips: one char wildcard,"? pour un caractère générique unique. Par exemple : ""198 ?"" correspondra à 1980 à 1989, ainsi qu'à 198a, 198b, etc."
Search Tips: proximity,"~ pour les recherches de proximité. Par exemple : ""le statut""~5 trouvera tout contenu ayant ""le"" et ""statut"" à une distance de 5 mots, comme ""le statut procédural"", ""le statut juridique spécifique""."
Search Tips: wildcard,"Utilisez un * pour la recherche par caractère générique. Par exemple : ""juri*"" correspondra à des mots comme juridiction, juridique, juriste, jurisprudence, etc."
Search title & metadata,Rechercher dans le titre et les métadonnées
Searching...,Recherche en cours...
Secondary button,Bouton secondaire
Secret keys,Clés secrètes
Security,Sécurité
Select,Sélectionner
Select & Search,Sélectionner et rechercher
"Select a dimension to see supported chart types, or use Metric for a total count.","Sélectionnez une dimension pour afficher les types de graphiques pris en charge, ou utilisez ""Métrique"" pour obtenir un décompte total."
Select a document to connect to a specific paragraph,Sélectionnez un document pour accéder à un paragraphe spécifique
Select a file,Sélectionnez un fichier
Select all,Tout sélectionner
Select an existing image,Sélectionnez une image existante
Select favicon image,Sélectionner l'image du favicon
Select files on your device,Sélectionnez les fichiers sur votre appareil
Select from computer,Sélectionner depuis l'ordinateur
Select image,Sélectionner une image
Select media,Sélectionner un média
Select relationship,Sélectionner une relation
Select relationship type,Sélectionner le type de relation
Select site logo image,Sélectionner l'image du logo du site
Select target document,Sélectionner le document cible
Select target entity,Sélectionner l'entité cible
Select target paragraph,Sélectionner le paragraphe cible
Select text in target document,Sélectionner du texte dans le document cible
select text or a value,sélectionnez un texte ou une valeur
Select the template to store the extracted paragraphs.,Sélectionnez le modèle dans lequel vous souhaitez enregistrer les paragraphes extraits.
Select the template with the source documents.,Sélectionnez le modèle contenant les documents sources.
Select...,Sélectionner...
Selected,Sélectionné
selected,Sélectionné
selected of,sélectionné sur
Selected or suggested,Sélectionnés ou suggérés
Selected templates,Modèles sélectionnés
Send,Envoyer
Send recovery email,Envoyer mail de récupération
Sending email,Envoi d'e-mail
Sending email description,Il s'agit de l'adresse e-mail qui apparaîtra comme expéditeur lorsqu'un e-mail est envoyé depuis votre collection Uwazi aux utilisateurs enregistrés. L'adresse par défaut est *no-reply@uwazi.io*. Vous pouvez en définir une personnalisée en indiquant ici l'adresse e-mail de votre choix.
Sending labeled data,Envoi de données étiquetées
Series,Série
Services,Services
Set as default,Définir par défaut
Set default language,Définir la langue par défaut
Set default template,Définir le modèle par défaut
Set the default starting point for your geolocation properties.,Définissez le point de départ par défaut pour vos propriétés de géolocalisation.
Settings,Paramètres
settings,Paramètres
Settings navigation active background,Arrière-plan actif de la navigation dans les paramètres
Settings sidebar background,Arrière-plan de la barre latérale des paramètres
Settings updated,Paramètres mis à jour
Share,Partager
Share edit access with other users,Partager l'accès en modification avec d'autres utilisateurs
Share entities with the public,Partager des entités avec le public
Share with people and groups,Partager avec des personnes et des groupes
Shared as editor,Partagé en tant qu'éditeur
Shared as viewer,Partagé en tant que visualisateur
Show actions,Afficher les actions
Show cookie policy,Afficher la politique en matière de cookies
Show details,Afficher les détails
Show filters,Afficher les filtres
Show in cards,Afficher sur les cartes
Show information,Afficher les informations
Show less,Afficher moins
Show more,Afficher plus
Show remaining in panel,Afficher le reste dans le panneau
Show toolbar,Afficher la barre d'outils
Showing,Affichage
Showing the top,Affichage des
shown of,Listé sur un total de
Sign in,S'identifier
Simple mode,Mode simple
Single relationships must have a hub,Les relations isolées doivent avoir un nœud central
Site logo description,"Le logo apparaît dans la barre supérieure à côté du nom de votre collection (environ 200×32 pixels).

1. Téléchargez des images dans Téléchargements personnalisés si nécessaire.
2. Cliquez sur ""Sélectionner l'image du logo du site"" et choisissez un fichier ; seules les images des Téléchargements personnalisés sont listées."
Site logo no images hint,"Aucun fichier image dans Téléchargements personnalisés pour l'instant. Ajoutez d'abord des images PNG, SVG ou JPEG."
Size,Taille
Skip to main content,Aller directement au contenu principal
Some tasks may take a while. Bert will reply when it's done.,Certaines tâches peuvent prendre un certain temps. Bert vous répondra dès qu'elles seront terminées.
Something went wrong,Quelque chose a mal tourné
Sort,Trier
Sort ascending,Trier par ordre croissant
Sort descending,Trier par ordre décroissant
Sort:,Trier par :
sorted by,Trié par
Source,Source
Source entity,Entité source
Source page,Page source
Source relationship type,Type de relation source
Source template,Modèle source
Source Template,Modèle source
Source's role in the relationship Source-Target.,Le rôle de la source dans la relation source-cible.
Stage,Étape
stat*,stat*
State,État
Statistics,Statistiques
Stats & Filters,Statistiques et filtres
Status,Statut
status AND women NOT Nicaragua,statut ET femmes NON du Nicaragua
Stop filling,Arrêtez de remplir
Storage,Stockage
Streets,Rues
Strict mode,Mode strict
Style,Style
Submit,Soumettre
Submitted entity to a remote instance,Entité soumise à une instance distante
Submitting,Envoi en cours
Success,Succès
"Success, Upload another?",Envoi réussi. Importer un autre fichier ?
Suggestion,Suggestion
Suggestion:,Suggestion :
Suggestions,Suggestions
suggestions,suggestions
Suggestions sent,Suggestions envoyées
Suggestions updated,Mise à jour des suggestions
Supported chart types for manual data,Types de graphiques pris en charge pour les données saisies manuellement
Supported chart types for this configuration,Types de graphiques pris en charge pour cette configuration
Supporting,Accompagnement
Supporting file,Fichier d'accompagnement
Supporting files,Fichiers de support
Synced template,Modèle synchronisé
Synced Template,Modèle synchronisé
Synced templates cannot be deleted.,Les modèles synchronisés ne peuvent pas être supprimés.
System translations,Traductions du système
Table,Tableau
Table of Contents,Table des matières
Table of contents,Table des matières
Table of contents saved successfully,La table des matières a été enregistrée avec succès
Table view,Vue tabulaire
Target entity,Entité cible
Target entity type,Type d'entité cible
Target relationship type,Type de relation cible
Target Template,Modèle cible
Target template,Modèle cible
Target's role in the relationship Source-Target.,Le rôle de la cible dans la relation source-cible.
Target:,Cible :
Tasks,Tâches
Template,Modèle
Template changes are being applied to all related entities.,Les modifications apportées au modèle sont en cours d'application à toutes les entités concernées.
Template color,Couleur du modèle
"Template colors apply when comparing data sources or when the dimension is entity
              type. Otherwise the chart palette is used as fallback.","Les couleurs du modèle s'appliquent lors de la comparaison de sources de données ou lorsque la dimension est de type ""entité"".
Dans le cas contraire, la palette du graphique est utilisée par défaut."
Template conflict,Conflit de modèles
Template name,Nom du modèle
Template name already exists,Le nom du modèle existe déjà
Template processing completed.,Le traitement du modèle est terminé.
Template saved successfully.,Le modèle a été enregistré avec succès.
Template with a long number of entities,"Le modèle a été modifié et les entités associées vont être réindexées,
       ce processus peut prendre plusieurs minutes, voulez-vous continuer ?"
Template(s),Modèle(s)
Template(s) deleted successfully.,Le(s) modèle(s) a (ont) été supprimé(s) avec succès.
Templates,Modèles
Templates:,Modèles :
Text,Texte
Text references limit warning,Les références textuelles sont temporairement limitées à 300 maximum. Nous travaillons actuellement à résoudre ce problème.
"The process of extracting the paragraphs has successfully started. Check the Status
              column for updates on the process.","Le processus d'extraction des paragraphes a démarré avec succès. Consultez la colonne ""Statut""
pour suivre l'avancement du processus."
The request could not be processed.,La demande n'a pas pu être traitée.
The source of this template is a sync.,Ce modèle provient d'une synchronisation.
The token does not validate against the secret key,Le jeton ne correspond pas à la clé secrète
The token does not validate against the secret key!,Le jeton ne correspond pas à la clé secrète !
"the words together, in that order","les mots ensemble, dans cet ordre"
the words within 5 of each other,les mots situés à moins de 5 l'un de l'autre
Theme and branding,Thème et image de marque
Theme colors,Couleurs du thème
Theme colors imported,Couleurs du thème importées
Theme favicon,Favicon du thème
Theme instance file invalid,Fichier d'instance du thème non valide
Theme logotype,Logo du thème
Theme presets,Préréglages de thèmes
Theme preview,Aperçu du thème
Then by,Puis par
There are no pages enabled for entity view,Il n'y a pas de pages activées pour la visualisation des entités
There are no untranslated terms,Il n'y a pas de termes non traduits
Thesauri,Thésaurus
Thesauri added.,Thésaurus ajoutés.
Thesauri deleted,Thésaurus supprimés
Thesauri name,Nom du thésaurus
thesauri new group desc,De nouvelles lignes de groupes apparaissent automatiquement au fur et à mesure de votre saisie.
thesauri new item desc,De nouvelles lignes d'éléments apparaissent automatiquement au fur et à mesure de votre saisie.
Thesauri updated.,Mise à jour des thésaurus.
Thesauri values created,Valeurs du thésaurus créées
Thesaurus,Thésaurus
Thesaurus created successfully.,Le thésaurus a été créé avec succès.
Thesaurus name,Nom du thésaurus
Thesaurus name already exists,Le nom du thésaurus existe déjà
Thesaurus saved,Thesaurus sauvegardé
This action may take some time while we add the extra language to the entire collection.,"Cette opération pourrait prendre un certain temps, le temps que nous ajoutions cette langue supplémentaire à l'ensemble de la collection."
This area allows you to append custom Javascript to the page. This opens up a new universe of possibilities.,Cette zone vous permet d'ajouter du Javascript personnalisé à la page. Cela ouvre un nouvel univers de possibilités.
This chart type cannot display the current data.,Ce type de graphique ne permet pas d'afficher les données actuelles.
"This chart type cannot display the current data. Pick a supported type in the Chart
              tab.","Ce type de graphique ne permet pas d'afficher les données actuelles. Choisissez un type pris en charge dans l'onglet
 ""Graphique""."
"This chart type has no extra options. Select another chart type above if you need
            legend, labels, or data filters.","Ce type de graphique ne propose aucune option supplémentaire. Sélectionnez un autre type de graphique ci-dessus si vous avez besoin d'une
légende, d'étiquettes ou de filtres de données."
This content is automatically generated,Ce contenu est généré automatiquement
This data visualization name already exists. Enter a unique name.,Ce nom de visualisation de données existe déjà. Veuillez saisir un nom unique.
"This entity has no document, you probably want to see the metadata","Cette entité n'a pas de document, vous voulez probablement voir les métadonnées."
This entity is restricted from public view.,Cette entité n'est pas accessible au public.
This field is required,Ce champ est obligatoire
This file could not be displayed. Try refreshing the page.,Ce fichier n'a pas pu s'afficher. Essayez d'actualiser la page.
This file could not be opened. It may be corrupted or not a valid PDF.,Ce fichier n'a pas pu être ouvert. Il est peut-être endommagé ou n'est pas un fichier PDF valide.
"This file is currently unavailable. Please contact your administrator if the issue
                  persists.","Ce fichier n'est pas disponible pour le moment. Veuillez contacter votre administrateur si le problème
 persiste."
"This file is currently unavailable. Please contact your administrator if the issue
              persists.","Ce fichier n'est pas disponible pour le moment. Veuillez contacter votre administrateur si le problème
persiste."
This file type is not supported on media fields,Ce type de fichier n'est pas pris en charge dans les champs multimédias.
This group is empty,Ce groupe est vide
This import is waiting in queue.,Cette importation est en attente dans la file d'attente.
This label already exists in this template,Cette étiquette existe déjà dans ce modèle
This page does not need Markdown,Cette page ne nécessite pas de Markdown
"This page uses HTML only (Markdown is not processed). You can embed maps, charts, entity
          lists, and other components.","Cette page utilise uniquement le langage HTML (le Markdown n'est pas pris en charge). Vous pouvez y intégrer des cartes, des graphiques, des
listes d'entités et d'autres éléments."
This property can not be deleted,Cette propriété ne peut pas être supprimée
This property will appear in the library cards as part of the basic info.,Cette propriété apparaîtra dans les cartes de bibliothèque comme faisant partie des informations de base.
This property will be shown using all the width available.,Cette propriété sera affichée en utilisant toute la largeur disponible.
This property will be shown without the label,Cette propriété s'affichera sans l'étiquette
This property will be the default filter in the library for this template.,Cette propriété sera le filtre par défaut dans la bibliothèque pour ce modèle.
"This property will be used for filtering the library results. When properties match in equal name and field type with other entity types, they will be combined for filtering.","Cette propriété servira à filtrer les résultats de la bibliothèque. Lorsque des propriétés portent le même nom et ont le même type de champ que celles d'autres types d'entités, elles seront combinées pour le filtrage."
This search could not be completed. Try again later.,Cette recherche n'a pas pu être effectuée. Veuillez réessayer plus tard.
"This site uses cookies for language preferences and analytics. Session cookies are only
            set when you log in.","Ce site utilise des cookies pour enregistrer vos préférences linguistiques et à des fins d'analyse. Les cookies de session ne sont
 créés que lorsque vous vous connectez."
This table of contents was automatically created by the system.,Cette table des matières a été générée automatiquement par le système.
this template,ce modèle
This template is in use by existing entities and cannot be deleted.,Ce modèle est utilisé par des entités existantes et ne peut pas être supprimé.
Thumbnail,Vignette
Thumbnail frame,Thumbnail frame
Time,Temps
Time (UTC),Heure (UTC)
Timeline,Chronologie
Timelinks,Liens temporels
Timestamp,Horodatage
tips,conseils
Title,Titre
To,À
"To complete the account creation process, please create a password for your account","Pour compléter le processus de création de compte, veuillez créer un mot de passe pour votre compte."
to view your authentication code and verify your identity.,Pour afficher votre code d'authentification et vérifier votre identité.
Today,Aujourd'hui
Toggle relationship details,Afficher/masquer les détails de la relation
Toggle timeline mode,Activer/désactiver le mode chronologique
Tools,Outils
total entities,nombre total d'entités
Total files,Nombre total de fichiers
total files,nombre total de fichiers
"Total files from main documents, supporting files and uploads","Nombre total de fichiers (documents principaux, fichiers annexes et fichiers mis en ligne)"
Total imports,Importations totales
total users,nombre total d'utilisateurs
Train,Entraîner
Train model,Entraîner le modèle
Train model description,"L'entraînement des modèles d'apprentissage automatique peut prendre de quelques minutes à plusieurs heures, selon la quantité de données étiquetées et la difficulté de la tâche."
Training,Formation
Training model,Entraînement du modèle
Training sample,Exemple d'entraînement
Translate,Traduire
Translating,Translating
Translation,Traduction
Translation service is unavailable,Translation service is unavailable
Translations,Traductions
Translations imported.,Traductions importées.
Translations reset successfully,Les traductions ont été réinitialisées avec succès
Translations saved,Traductions sauvegardées
Try a different search or clear filters.,Essayez une autre recherche ou effacez les filtres.
Turn off inline translation,Désactiver la traduction en ligne
"Two categorical dimensions enable stacked bar charts (e.g. country with sex
              breakdown).","Deux dimensions catégorielles permettent de créer des graphiques à barres empilées (par exemple, par pays et par sexe
)."
Two-Factor Authentication,Authentification à deux facteurs
Two-factor authentication enabled,Authentification à deux facteurs activée
Two-factor authentication failed.,L'authentification à deux facteurs a échoué.
Two-factor authentication secret,Code d'authentification à deux facteurs
Two-factor verification failed,Échec de la vérification à deux facteurs
Two-step verification,Vérification en deux étapes
Two-step verification token required,Un jeton d'authentification à deux facteurs est requis
Type,Type
U,U
"Unable to save, failed response","Impossible d'enregistrer, réponse échouée"
Unauthorized,Non autorisé
Unexpected error,Erreur inattendue
Uninstall,Désinstaller
Uninstall language,Désinstaller la langue
Uninstalling language,Désinstallation d'une langue
Unknown entity,Entité inconnue
Unknown template,Modèle inconnu
Unlink,Supprimer le lien
Unlock account,Déverrouiller le compte
Unsaved changes,Modifications non enregistrées
Unsupported OCR language,Langage OCR non supporté
Untitled,Sans titre
Untranslated Terms,Termes non traduits
Update,Mettre à jour
UPDATE,Mettre à jour
Update from collection,Mettre à jour depuis la collection
Update success,Mise à jour réussie
Updated,Mise à jour
Updated file,Fichier mis à jour
Updated multiple entities,Mise à jour de plusieurs entités
Updated permissions on entity,Mise à jour des autorisations sur l'entité
Updated relationships,Mise à jour des relations
Updated settings,Paramètres mis à jour
Updated translations,Traductions mises à jour
Updated user,Utilisateur mis à jour
Updating template properties across,Mise à jour des propriétés des modèles dans l'ensemble de
Updating…,Mise à jour en cours…
Upload,Upload
Upload and select file,Télécharger et sélectionner le fichier
Upload from computer,Télécharger à partir de l'ordinateur
Upload image,Télécharger une image
Upload PDF,Télécharger le PDF
Upload PDF(s) to create,Télécharger le(s) PDF à créer
Uploaded attachment,Pièce jointe téléchargée
Uploaded custom file,Fichier personnalisé téléchargé
Uploaded document,Document téléchargé
Uploaded file,Fichier téléchargé
Uploading,Chargement
Uploading ...,Transfert en cours ...
Uploads,Fichiers Mis en ligne
URL,URL
Use,Utilisez
Use as filter,Utiliser comme filtre
Use for training,À utiliser pour l'entraînement
"Use this iframe on external sites. Change the locale query parameter in the URL if
                needed.","Utilisez cet iframe sur des sites externes. Modifiez le paramètre de requête ""locale"" dans l'URL si
 nécessaire."
Use URL,Utiliser l'URL
Used in templates and {n} refs — cannot delete,Utilisé dans des modèles et {n} références — ne peut pas être supprimé
Used in templates — cannot delete,Utilisé dans des modèles — ne peut pas être supprimé
Used in {n} refs — cannot delete,Utilisé dans {n} références — ne peut pas être supprimé
User,Utilisateur
User Action,Action de l'utilisateur
User Role,Rôle de l'utilisateur
User updated,Utilisateur mis à jour
Username,Nom d'utilisateur
Username is required,Le nom d'utilisateur est requis
Username is too long,Le nom d'utilisateur est trop long
Username is too short,Le nom d'utilisateur est trop court
"Username, email or group","Nom d'utilisateur, adresse e-mail ou groupe"
Usernames cannot have spaces,Les noms d'utilisateur ne doivent pas contenir d'espaces
Users,Utilisateurs
Users & Groups,Utilisateurs et groupes
Using Authenticator,Utilisation d'Authenticator
Using URLs,Utilisation des URL
Uwazi,Uwazi
Uwazi Docs,Uwazi Docs
Uwazi is developed by,Uwazi est développé par
Uwazi UI,Interface utilisateur d'Uwazi
Validating,Validation
Validating file structure and headers.,Vérification de la structure du fichier et des en-têtes.
Value,Valeur
Value cannot be transformed to the correct type,La valeur ne peut pas être convertie dans le type approprié
values,valeurs
"values are staged, not saved","les valeurs sont en attente, non enregistrées"
Verify,Vérifier
Verifying...,En cours de vérification...
via,via
View,Vue
view,Vue
View entities,Afficher les entités
View entity,Afficher l'entité
View in library,Voir dans la bibliothèque
View page,Voir page
Visibility,Visibilité
Visualization data updated from your collection.,Données de visualisation mises à jour à partir de votre collection.
WARNING,AVERTISSEMENT
Warning: you are editing multiple entities. Fields marked with a,Attention : vous êtes en train de modifier plusieurs entités. Les champs marqués d'un
We can't find the page you're looking for.,Nous ne trouvons pas la page que vous recherchez.
Welcome to Uwazi,Bienvenue à Uwazi
"Well, this is awkward...","Eh bien, c'est gênant..."
"When enabled, visitors must accept or reject non-essential cookies before they are set.
    Analytics and language preference cookies are blocked until accepted.","Lorsque cette fonctionnalité est activée, les visiteurs doivent accepter ou refuser les cookies non essentiels avant que ceux-ci ne soient installés.
    Les cookies d'analyse et de préférence linguistique sont bloqués jusqu'à ce qu'ils soient acceptés."
Whitelisted templates,Modèles figurant sur la liste blanche
wildcard,caractère générique
wildcard (many chars),caractère générique (plusieurs caractères)
wildcard (one char),caractère générique (un caractère)
"Will attempt to fill the container, using its entire width. In cards, cropping is likely to occur.","Le système tentera de remplir le conteneur en utilisant toute sa largeur. Dans le cas des cartes, un recadrage risque de se produire."
will be updated with the same value.,sera mis à jour avec la même valeur.
Will show the entire media inside the container.,Affichera l'intégralité du contenu multimédia se trouvant dans le conteneur.
with,avec
With great power comes great responsibility!,De grands pouvoirs impliquent de grandes responsabilités !
wom?n,wom?n
x,x
x less,x en moins
x more,x en plus
Year,Année
Yes,Oui
You can add one or many items in this form.,Vous pouvez ajouter un ou plusieurs éléments dans ce formulaire.
You can also enter this secret key into your Authenticator app.,Vous pouvez également saisir cette clé secrète dans votre application Authenticator.
You can create metadata templates in,Vous pouvez créer des modèles de métadonnées dans
"You can embed advanced components like maps, charts and entity lists in your page.","Vous pouvez intégrer à votre page des composants avancés tels que des cartes, des graphiques et des listes d'entités."
You do not have write permission on all entities,Vous ne disposez pas des droits d'écriture sur toutes les entités.
You have unsaved changes. Discard them? This action cannot be undone.,Vous avez des modifications non enregistrées. Voulez-vous les ignorer ? Cette action ne peut pas être annulée.
You have unsaved changes. Do you want to continue?,Vous avez des modifications non enregistrées. Voulez-vous continuer ?
You should activate this feature for enhanced account security,Vous devriez activer cette fonction pour renforcer la sécurité du compte
You should activate this feature for enhanced account security.,Nous vous recommandons d'activer cette fonctionnalité pour renforcer la sécurité de votre compte.
You won't be able to save an entity if this property is empty.,Vous ne pourrez pas enregistrer une entité si cette propriété est vide.
You're all caught up,Vous êtes à jour
Your account's security is enhanced with two-factor authentication.,La sécurité de votre compte est renforcée grâce à l'authentification à deux facteurs.
Z → A,Z → A
Zoom in,Zoom avant
Zoom in library view,Zoom avant sur la vue de la bibliothèque
Zoom out,Zoom arrière
Zoom out library view,Zoom arrière sur la vue de la bibliothèque