Key,Korean
"""Costa Rica""","""인권 침해"""
"""the status""~5","""법적 상태""~5"
*please keep this key secret and don't share it.,*이 키는 비밀로 유지하시고 다른 사람과 공유하지 마십시오.
+ Add data source,+ 데이터 소스 추가
+ Add filter,+ 필터 추가
+ click to select multiple cards.,+ 클릭하여 여러 장의 카드를 선택하세요.
198?,198?
2FA,2단계 인증
2FA Enabled,2단계 인증 활성화됨
A default template cannot be deleted.,기본 템플릿은 삭제할 수 없습니다.
A friendly hand for serious work — I'll act in the context shown above.,진지한 작업을 위한 친절한 도움 — 위에서 제시된 맥락에 따라 행동하겠습니다.
A generated ID will be the default title.,생성된 아이디가 기본값으로 설정됩니다.
A source template must,소스 템플릿은 반드시
A target template needs to have the following properties,대상 템플릿에는 다음 속성이 있어야 합니다.
A valid email is required,이메일이 필요합니다.
A → Z,A → Z
Accept,수락
Accept all,모두 수락
Accepted suggestion on entity,엔티티에 대한 제안이 수락되었습니다.
Accepting suggestions,제안 접수 중
Accessibility checks need attention,접근성 점검에 주의를 기울여야 합니다
Account,계정
Account locked,계정 잠김
Account unlocked successfully,계정이 성공적으로 잠금 해제되었습니다.
Account updated,계정 정보가 업데이트되었습니다.
Accuracy,정확도
Accuracy tooltip,정확도는 처리된 레이블이 지정된 샘플에 대해 일치하는 부분과 일치하지 않는 부분의 비율로 정의됩니다.
Action,활동
Actions,작업
Activate,활성화
Activated,활성화됨
Active filters,활성 필터
Active languages,사용 중인 언어
Active primary,활성 1차
Activity,활동
Activity log,활동 로그
Activity Log,활동 로그
Add,추가
Add / remove favorite,즐겨찾기 추가/제거
Add a type below.,아래에 유형을 추가하세요.
Add an account to the app by scanning the provided QR code with your mobile device or by inserting the provided key.,모바일 기기로 제공된 QR 코드를 스캔하거나 제공된 키를 입력하여 앱에 계정을 추가하세요.
Add as,다음으로 추가
Add data source,데이터 소스 추가
Add date,날짜 추가
Add entities / documents,엔티티/문서 추가
Add entity,엔티티 추가
Add entity type,엔티티 유형 추가
Add Extractor,추출기 추가
Add extractor,추출기 추가
Add file,파일 추가
Add from URL,URL 에서 추가
Add from web,웹에서 추가
Add group,그룹 추가
add icon,아이콘 추가
Add icon,아이콘 추가
Add item,항목 추가
Add link,링크 추가
Add or remove relationship types for this collection.,이 컬렉션에 관계 유형을 추가하거나 제거합니다.
Add page,페이지 추가
Add PDF,PDF 추가
Add people or groups,사용자 혹은 그룹 추가
Add property,속성 추가
Add relationship,관계 추가
Add relationship type,관계 유형 추가
Add template,템플릿 추가
Add thesaurus,시소러스 추가
Add thesaurus value,시소러스 값 추가
Add timelink,타임링크 추가
Add to all languages,모든 언어에 추가
Add to table of contents,목차에 추가
Add to ToC,목차에 추가
Add to training set,훈련 데이터 세트에 추가
Add translation,번역 추가
Add user,사용자 추가
add value,값 추가
Add/delete users and assign roles,사용자 추가/삭제 및 권한 부여
Add/edit translations,번역 추가/편집
Added language,언어 추가
Added new user,새 사용자 추가됨
"Added relation type ""{name}""","관계 유형 ""{name}""을 추가했습니다."
added to hub with the following errors:,다음 오류와 함께 허브에 추가되었습니다:
added to hub.,허브에 추가되었습니다.
Adding a group and its items.,그룹과 해당 항목을 추가하기.
Adding items to the thesauri,시소러스에 항목 추가하기
Adjust a few colors; secondary text and muted backgrounds update automatically.,"색상을 몇 가지 조정하면, 보조 텍스트와 은은한 배경이 자동으로 업데이트됩니다."
Admin,관리자
Administrators and Editors,관리자 및 편집자
Administrators and Editors always have edit access,관리자와 편집자는 항상 편집 권한을 가집니다.
Admins,관리자
Advanced colors,고급 색상
Advanced ECharts overrides,고급 ECharts 재정의
ALL,전체 필터
All,전체 필터
"All changes will be lost, are you sure you want to proceed?",모든 변경 사항이 손실됩니다. 계속 진행하시겠습니까?
All data,모든 데이터
All editing options will be disabled.,모든 편집 옵션이 비활성화됩니다.
All of the paragraphs will be deleted,모든 단락이 삭제될 것입니다
All of the previously created paragraphs will be deleted and recreated after the process.,이 작업이 완료되면 이전에 생성된 모든 단락이 삭제된 후 다시 생성됩니다.
Allow captcha bypass,캡차 우회 허용
Allow public embedding without login,로그인 없이 공개 임베딩 허용
Already exists,이미 존재합니다
Already the same value.,이미 동일한 값입니다.
Amount,수량
An admin needs to add relationship types before you can create a relationship.,관계를 생성하려면 관리자가 먼저 관계 유형을 추가해야 합니다.
An error has occured while deleting a language:,언어를 삭제하는 과정에서 오류가 발생했습니다:
An error has occured while installing languages:,언어 설치 중에 오류가 발생했습니다:
An error has occurred,오류가 발생했습니다.
An error has occurred during data export,데이터 내보내기 중에 오류가 발생했습니다.
An error has occurred while installing languages:,언어 설치 중에 오류가 발생했습니다:
An error has occurred while uninstalling a language:,언어를 제거하는 과정에서 오류가 발생했습니다:
An error occurred,오류가 발생했습니다.
Analytics,분석
Analytics description,"컬렉션 방문과 관련된 분석 데이터를 추적하고 싶다면, Uwazi는 Google Analytics와 Matomo를 모두 지원합니다."
AND OR NOT,AND OR NOT
Any,전체
Any entity,모든 엔티티
any single character,어떤 한 글자라도
Any type,모든 유형
Anyone can see this entity,누구나 이 개체를 볼 수 있습니다
Appearance,등장 순서
Apply,적용
Are you sure you want to continue?,정말 계속하시겠습니까?
Are you sure you want to delete,정말 삭제하시겠습니까?
"Are you sure you want to delete the selected visualizations? This action cannot be
              undone.","선택한 시각화 항목을 정말 삭제하시겠습니까? 이 작업은
되돌릴 수 없습니다."
Are you sure you want to delete this attachment?,이 첨부 파일을 정말로 삭제하시겠습니까?
Are you sure you want to delete this connection?,이 연결을 정말로 삭제하시겠습니까?
Are you sure you want to delete this entity?,이 엔티티를 정말로 삭제하시겠습니까?
Are you sure you want to delete this file?,이 파일을 정말로 삭제하시겠습니까?
Are you sure you want to delete this item?,이 항목을 정말로 삭제하시겠습니까?
Are you sure you want to delete this relationship? This action cannot be undone.,이 관계를 정말로 삭제하시겠습니까? 이 작업은 되돌릴 수 없습니다.
Are you sure you want to delete this visualization? This action cannot be undone.,이 시각화를 정말 삭제하시겠습니까? 이 작업은 되돌릴 수 없습니다.
Are you sure?,확실하십니까?
Ask Bert,버트에게 물어보세요
Attachment,첨부 파일
Attachment deleted,첨부 파일 삭제됨
Attachment renamed,첨부 파일 이름 변경
Attachment uploaded,첨부 파일 업로드됨
Attachments,첨부 파일
Authentication code,인증 코드
Auto,Auto
auto created,자동 생성됨
Auto-accept suggestions,제안 사항 자동 수락
auto-created,자동 생성 완료
Auto-translate,Auto-translate
Automatic Table of Contents,자동 생성 목차
Automatically generated,자동 생성됨
Available default translation,사용 가능한 기본 번역
Back,뒤로
Back to,이전으로
Back to details,상세 정보로 돌아가기
Back to search,검색으로
Bad Request,잘못된 요청
Basic,기본
Bert,Bert
Bidirectional,양방향
Body,바디
boolean,부울
Browse files to upload,업로드할 파일 탐색
"by ids, methods, keywords, etc.","ID, 메서드, 키워드 등을 기준으로"
By logging in you accept the essential session cookie required to stay signed in.,로그인하면 로그인 상태를 유지하는 데 필요한 필수 세션 쿠키에 동의하게 됩니다.
Can edit,편집 가능
Can see,열람 가능
Can view,열람 가능
Cancel,취소
cancel csv import,가져오기 과정을 취소하십시오. 이렇게 하면 새로운 엔티티의 생성이 중단됩니다. 이미 생성된 엔티티에는 영향을 미치지 않습니다.
Canceling,취소
Canceling...,취소 중...
Cancelled,취소됨
Cannot connect to server,서버에 연결할 수 없습니다
Cannot find extractor,추출기를 찾을 수 없습니다
Captcha,보안 문자
Captcha bypass,"이 옵션을 켜면 사용자가 CAPTCHA를 입력하지 않고도 허용 목록에 등록된 템플릿에 항목을 제출할 수 있습니다. 양식에는 최종 사용자에게 여전히 캡차가 표시되지만, ""Bypass-Captcha: true"" 헤더가 함께 전송되면 API 엔드포인트는 CAPTCHA 검증 없이 제출을 허용합니다. 이 옵션은 안전하지 않으며, 스팸이나 악성 콘텐츠가 인스턴스에 대량으로 유입되도록 악용될 수 있습니다."
Cards,카드
Cards view,카드 뷰
Category,카테고리
Change,변경
Change Password,비밀번호 변경
Changes in the thesaurus will impact all the entities using these values.,시소러스에 변경 사항이 적용되면 해당 값을 사용하는 모든 엔티티에 영향을 미칩니다.
Changing the type will erase all relationships to this entity.,유형을 변경하면 이 엔티티와 관련된 모든 관계가 삭제됩니다.
Character support description,"이 옵션은 컬렉션의 기본 언어로 비라틴 문자 언어에 대한 지원을 강화합니다.
이 옵션을 선택하면 모든 템플릿 속성이 자동으로 업데이트됩니다. 이 과정은 몇 분 정도 걸릴 수 있으며, 라이브러리 필터의 URL이 변경될 가능성이 높습니다. 그 결과, 해당 URL을 사용하는 메뉴나 링크가 있는 경우 더 이상 작동하지 않을 수 있습니다.
이러한 URL은 직접 수정해야 합니다. 이 옵션을 선택하면 이후에는 기존 속성 명명 방식으로 되돌릴 수 없습니다. 템플릿 속성 이름에 문제가 없다면 이 옵션을 선택하지 않는 것을 권장합니다."
Character support process warning,"이 과정은 몇 분 정도 걸릴 수 있으며, URL이 라이브러리 필터로 변경될 가능성이 높습니다. 이러한 URL을 사용하는 메뉴나 링크가 있는 경우, 업데이트 후 작동하지 않을 수 있습니다. 이 경우 수동으로 수정해야 합니다."
Character support revert warning,"이 옵션을 선택하면 기존 속성 명명 방식을 다시 사용할 수 없게 됩니다. 템플릿 속성 이름으로 인해 문제가 발생하지 않는다면, 이 옵션을 선택 해제해 두는 것이 좋습니다."
Chart,차트
Chart options,차트 옵션
Chart theme,차트 테마
Chart type,차트 유형
Chart type uses a custom view,차트 유형은 사용자 정의 보기를 사용합니다
Check to make this instance public (non-logged in users can see public documents and entities),이 인스턴스를 공개로 설정할지 확인하세요(로그인하지 않은 사용자도 공개 문서 및 엔티티를 볼 수 있습니다).
Checking which images fit the requirements,요건에 맞는 이미지를 확인 중입니다...
Choose,선택하세요
Choose relation type,관계 유형 선택
Choose which data to use for training,훈련에 사용할 데이터를 선택하세요
Chrome header,Chrome 헤더
Clear,지우기
Clear all,모두 지우기
Clear All,모두 지우기
Clear all filters,모든 필터 지우기
Clear coordinates,좌표 초기화
Clear Filters,필터 초기화
Clear PDF selection,PDF 선택 내용 지우기
Clear search,검색 내용 지우기
Click,클릭
Click to fill,텍스트 자동 채우기
Click to select an image,이미지를 선택하려면 클릭하세요
Click to select audio or video,오디오 또는 동영상을 선택하려면 클릭하세요
Click to select files,클릭하여 파일을 선택하세요
Close,닫기
Code,코드
Collaborator,협업자
Collaborators,협력자
Collapse all,모두 접기
Collapse All,모두 접기
Collection,컬렉션
Collection Name,컬렉션 이름
Colors,색상
Colors come from the server data layer. Preview shows assigned bucket colors when available.,색상은 서버 데이터 계층에서 제공됩니다. 미리보기에서는 가능한 경우 할당된 버킷 색상이 표시됩니다.
Columns,열
combine or exclude terms,검색어 결합 또는 제외
Comfortable,편안하게
Common sources,일반적인 출처
Compact,촘촘하게
Completed,완료됨
Completed with errors,오류가 있는 상태로 완료됨
Config,구성
Configuration,구성
Configure filters,필터 구성
Configure templates,템플릿 구성
Confirm,확인
CONFIRM,확인
Confirm action,작업 확인
Confirm delete connection,연결 삭제 확인
Confirm delete multiple items,선택한 모든 항목을 정말로 삭제하시겠습니까?
Confirm deletion,삭제 확인
Confirm deletion of,다음 항목의 삭제를 확인하십시오.
Confirm deletion of entity,엔티티 삭제 확인
Confirm deletion of file,파일 삭제 확인
Confirm new password,새 비밀번호 확인
Confirm your password,비밀번호 확인
Connect to a paragraph,단락과 연결
Connect to an entity,엔티티에 연결하기
Connect to entity,엔티티에 연결
Connected entities,연결된 엔티티
Connected to server,서버에 연결됨
Connection type,커넥션 유형
Contact email description,여기에서는 연락처 이메일과 Uwazi가 사용자에게 알림을 보낼 때 표시되는 이메일을 설정할 수 있습니다.
Contact Form,연락처
Contact form email,문의 양식 이메일
Contains,포함
Content translations,콘텐츠 번역
Context,문맥
Continue,계속
Conversion failed,변환 실패
Cookie preferences,쿠키 설정
Copied,복사됨
Copied to clipboard,클립보드에 복사됨
Copy,복사
Copy From,외부 복사
Copy from,다음에서 복사
Copy from this entity,이 엔티티에서 복사
Copy from...,다음에서 복사...
Copy Highlighted,하이라이트 복사
Copy link,링크 복사
Copy properties to this entity from,이 엔티티의 속성 복사
Copy to clipboard,클립보드에 복사
Could not add media. Please try again.,미디어를 추가할 수 없습니다. 다시 시도해 주세요.
Could not be processed,처리할 수 없습니다
Could not create entity,엔티티를 생성할 수 없습니다.
Could not detect the area for the selected text,선택한 텍스트의 영역을 감지할 수 없습니다. 다시 선택해 주십시오.
Could not load suggestions.,제안 사항을 불러올 수 없습니다.
Could not reach server. Please try again later.,서버에 연결할 수 없습니다. 잠시 후 다시 시도해 주세요.
Count,개수
Create,생성
CREATE,생성
Create a type to continue.,계속하려면 유형을 생성하세요.
Create and edit thesauri,시소러스 생성 및 편집
Create Connection,연결 만들기
Create entity,엔티티 생성
Create Entity,엔티티 생성
Create Extractor,추출기 생성
Create new entities and upload documents,새로운 엔티티 생성 및 문서 업로드
Create new entity from selection,선택한 항목으로 새 엔티티 생성
Create Reference,참조 생성
Create relationship,관계 생성
Create relationship types,관계 유형 생성
Create relationships and references,관계 및 참조 생성하기
Create table of contents,목차 만들기
Create visualization,시각화 생성
Created,생성됨
Created entity,생성된 엔티티
Created entity coming from a public form,공개 양식을 통해 생성된 엔티티
Created page,페이지 생성
Created relation type,생성된 관계 유형
Created relationship,관계 생성
Created template,템플릿 생성됨
Created thesaurus,시소러스 생성
Created user group,사용자 그룹 생성
Creating entities,엔티티 생성
Creating relationships,관계 형성
Creating thesauri,시소러스 작성
Creation date,생성한 날짜
CSS,CSS
csv blank state message,CSV 또는 ZIP 파일을 가져와 엔티티를 일괄 생성할 수 있습니다. 시작하려면 **+ CSV 가져오기**를 선택하세요.
CSV Import,CSV 가져오기
CSV import cancelled,CSV 가져오기가 취소되었습니다.
CSV import completed,CSV 가져오기가 완료되었습니다.
CSV import failed,CSV 가져오기에 실패했습니다.
CSV or ZIP up to 50MB,CSV 또는 ZIP 파일 (최대 50MB)
Ctrl K,Ctrl+K
Current Value/Suggestion,현재 값/제안 사항
"Custom colors are not available for this chart type. Use the chart palette or template
            colors instead.","이 차트 유형에서는 사용자 지정 색상을 사용할 수 없습니다. 대신 차트 팔레트나 템플릿
색상을 사용하십시오."
Custom component error,사용자 정의 구성 요소 마크업 오류: 지원되지 않는 값입니다! 구성을 확인해 주세요.
Custom CSS,사용자 맞춤 CSS
Custom Favicon,사용자 지정 파비콘
Custom JS,사용자 정의 JS
Custom landing page,맞춤형 랜딩 페이지
custom page error warning,이 사용자 지정 페이지에서 예기치 않은 오류가 발생하여 정상적으로 작동하지 않을 수 있습니다. 자세한 내용은 관리자에게 문의해 주십시오.
Custom Uploads,사용자 맞춤 업로드
Customize,사용자 지정
Customized,맞춤형
Dark,다크
Dark Theme,다크 테마
Dashboard,대시보드
Data may be outdated.,데이터가 최신 정보가 아닐 수 있습니다.
Data source,데이터 출처
Data sources,데이터 출처
Data visualizations,데이터 시각화
Data was updated recently. You can refresh again in a few seconds.,데이터가 최근에 업데이트되었습니다. 몇 초 후에 다시 새로 고침해 주세요.
Date,날짜
Date added,추가한 날짜
Date modified,수정한 날짜
"Date or numeric × numeric enables scatter and heatmap. Line, area, and bar plot the
                measure over the primary dimension (e.g. max engine size per registration date).","날짜 또는 숫자 × 숫자 조합은 산점도와 히트맵을 생성합니다. 선, 면, 막대 차트는
 주 차원에 대한 측정값을 표시합니다(예: 등록일별 최대 엔진 크기)."
"Date or numeric × select enables line and area charts with one line per breakdown
                value over time.","날짜 또는 숫자 × 선택 시, 시간 경과에 따른 각 세분화
값마다 한 줄씩 표시되는 선형 및 면적 차트가 생성됩니다."
Date range,날짜 범위
Day,일자
"Deep-merged onto the generated ECharts option. Use for fine-tuning options not exposed in
          the Chart tab.","생성된 ECharts 옵션에 깊이 통합되어 있습니다. [차트] 탭에 표시되지 않는 옵션을
세밀하게 조정할 때 사용합니다."
Default,기본값
Default date format,기본 날짜 형식
Default filter,기본 필터
Default language,기본 언어
Default language change success,기본 언어 변경 완료
Default template,기본 템플릿
Default template set successfully.,기본 템플릿이 성공적으로 설정되었습니다.
Default View,기본 보기
Delete,삭제
DELETE,삭제
Delete entities and documents,엔티티 및 문서 삭제
Delete file,파일 삭제
Delete relationship,관계 삭제
Delete relationships,관계 삭제
Delete?,삭제하시겠습니까?
Deleted attachment,첨부 파일 삭제됨
Deleted custom file,사용자 정의 파일 삭제됨
Deleted entity,삭제된 엔티티
Deleted file,삭제된 파일
Deleted multiple entities,삭제된 여러 엔티티
Deleted page,삭제된 페이지
Deleted relation type,삭제된 관계 유형
Deleted relationship,삭제된 관계
Deleted successfully.,성공적으로 삭제되었습니다.
Deleted template,삭제된 템플릿
Deleted thesaurus,삭제된 시소러스
Deleted user,삭제된 사용자
Deleted user group,삭제된 사용자 그룹
Deletion success,삭제 성공
Density,밀도
Description,설명
Deselect all,모두 선택 해제
Details,상세 정보
Direction,방향
Disable,비활성화
Disable highlights,하이라이트 비활성화
Disabled 2FA,2단계 인증 비활성화
Discard,취소
Discard changes,변경 취소
Discard changes?,변경 내용을 취소하시겠습니까?
Dismiss,닫기
Display entity view from page,페이지에서 엔티티 뷰 표시
Display options,표시 옵션
Do you want disable 2FA for the following users?,다음 사용자에 대해 2단계 인증을 비활성화하시겠습니까?
Do you want reset the password for the following users?,다음 사용자들의 비밀번호를 재설정하시겠습니까?
Do you want to delete the following items?,다음 항목을 삭제하시겠습니까?
Document,문서
Document contents,문서 내용
Document OCR trigger,문서 OCR 트리거
Document Title,문서 제목
Document updated,문서 업데이트됨
Documentation,기록
documents,문서
Documents,문서
documents.,문서
Done,완료
Done creating entities,엔티티 생성이 완료되었습니다.
Done creating relationships,관계 생성 완료
Done creating thesauri,시소러스 생성이 완료되었습니다.
Done extracting files,파일 추출이 완료되었습니다.
Done scanning,스캔 완료
Download,다운로드
Download a third-party authenticator app from your mobile store.,모바일 앱 스토어에서 타사 인증 앱을 다운로드하세요.
Download all,모두 다운로드
Download failed rows,다운로드에 실패한 행
Draft restored from release.,릴리스 버전에서 복원된 초안입니다.
Drag and drop file in this window to upload,이 창에 파일을 드래그 앤 드롭해 업로드합니다.
Drag row,행 드래그
Drop your files here to upload or,여기에 파일을 드롭해 업로드합니다.
Duplicate values not allowed.,중복 값은 허용되지 않습니다.
Duplicated email,이메일 중복
Duplicated name,중복된 이름
Duplicated username,사용자 이름 중복
Duration,기간
e.g.,"예를 들어,"
Each series uses the template brand color when comparing data sources.,각 시리즈는 데이터 소스를 비교할 때 템플릿 브랜드 색상을 사용합니다.
Earlier,이전
Edit,편집
Edit at source,원본에서 편집
Edit date,수정한 날짜
Edit Extractor,추출기 편집
Edit File,파일 편집
Edit group,그룹 편집
Edit item,항목 편집
Edit metadata of entities,엔티티의 메타데이터 편집
Edit theme,테마 편집
Edit user,사용자 편집
Edited,수정됨
Editor,편집자
editor,편집자
Editors,편집자
Email,이메일
Embed,삽입
Embed in pages,페이지에 삽입하기
Empty,비어 있음
Empty group. Drop here to add,그룹이 비어 있습니다. 항목을 추가하려면 여기에 드래그하세요.
empty property tip,이 속성이 비어 있으면 엔티티를 저장할 수 없습니다.
Enable,활성화
Enable public embedding to use this chart in external sites on private instances.,비공개 인스턴스에서 이 차트를 외부 사이트에 삽입하려면 ‘공개 삽입’을 활성화하세요.
Enable this page to be used as an entity view page:,엔티티 뷰 페이지가 필요할 경우 활성화하십시오.
Enter the 6-digit verification code generated by your Authenticator app,인증 앱에서 생성된 6자리 인증 코드를 입력하세요.
"Enter the full username, email, or group name. Suggestions are not shown.","전체 사용자 이름, 이메일 주소 또는 그룹 이름을 입력하세요. 제안 항목은 표시되지 않습니다."
Enter your current password to confirm,확인을 위해 현재 비밀번호를 입력해 주세요
Entities,엔티티
entities,엔티티
Entities across all languages,모든 언어의 엔티티
Entities created,생성된 엔티티
Entities updated,업데이트된 엔티티
entities · generated,엔티티 · 생성됨
Entity,엔티티
Entity creation stage completed.,엔티티 생성 단계가 완료되었습니다.
Entity deleted,엔티티가 삭제되었습니다.
Entity Page,엔티티 페이지
Entity saved,엔티티가 저장되었습니다.
Entity scope,엔티티 범위
Entity type,엔티티 유형
Entity types,엔티티 유형
Entity updated,엔티티가 업데이트되었습니다.
Error,오류
Error adding thesauri.,시소러스 추가 오류가 발생했습니다.
Error loading your image,이미지 불러오는 중 오류가 발생했습니다.
Error saving template.,템플릿 저장 중 오류가 발생했습니다.
Error updating thesauri.,시소러스 업데이트 중 오류가 발생했습니다.
Every language has a value — use the re-translate button on a row,Every language has a value — use the re-translate button on a row
evidence,증거
exact phrase,정확한 문구
Expand all,모두 펼치기
Expand All,모두 펼치기
Export CSV,CSV 추출
Exporting entities to CSV,엔티티를 CSV 로 추출
Extension Token,확장 토큰
External embed,외부 삽입
Extract new paragraphs,새 단락 추출
Extract paragraphs,단락 추출
Extracting files,파일 추출
Extracting files from uploaded package.,업로드된 패키지에서 파일을 추출 중입니다.
Extraction configuration,추출 설정
Extractor Name,추출기 이름
Extractor name,추출기 이름
Extractor/s deleted,추출기(들)이 삭제되었습니다.
Extractors,추출기
Failed,실패함
Failed to mark table of contents as reviewed,목차를 ‘검토 완료’로 표시하는 데 실패했습니다.
Failed to save table of contents,목차 저장에 실패했습니다.
Failure details,오류 세부 정보
Favicon description,"파비콘은 브라우저 탭과 북마크에서 컬렉션을 나타내는 작은 아이콘입니다. 기본 파비콘은 Uwazi 로고입니다. 직접 만든 파비콘을 사용하려면:

1. 필요한 경우 ‘사용자 지정 업로드’에 아이콘을 업로드하세요.
2. “파비콘 이미지 선택”을 클릭하고 파일을 선택하세요(‘사용자 업로드’에 저장된 이미지만 선택 가능합니다).
3. 페이지를 새로 고침하면 파비콘이 적용된 모습을 확인할 수 있습니다."
Favicon no images hint,파비콘 이미지 없음 알림
FEATURED,선택 필터
File,파일
file,파일
File deleted,파일이 삭제되었습니다.
File details,파일 정보
File extraction completed successfully.,파일 추출이 성공적으로 완료되었습니다.
File name,파일 이름
File preview unavailable,파일 미리보기를 사용할 수 없습니다.
File updated,파일 업데이트됨
Files,파일
files,파일
Files and database usage,파일 및 데이터베이스 사용량
Fill,채우기
Filter,필터
Filter unauthorized relationships,"기본적으로, 제한된 엔티티를 가리키는 관계는 익명 사용자에게 표시되지만 링크는 연결되지 않습니다. 이 기능을 활성화하면 해당 관계가 완전히 숨겨져, 일반 사용자가 제한된 콘텐츠가 존재한다는 사실을 알 수 없게 됩니다."
Filters,필터
Filters AND operator,필터 AND 오퍼레이터
Filters configuration,필터 구성
Filters configuration description,기본적으로 사용자는 관리자가 정의한 유형을 기준으로 라이브러리의 엔티티를 필터링할 수 있습니다. 하지만 이러한 엔티티 유형이 표시되는 방식을 다음과 같이 구성할 수 있습니다:
Filters configuration example,아래의 '그룹 추가'를 선택하면 레이블 아래에 필터를 그룹화할 수 있습니다(예: '문서' 또는 '사람들').
Filters OR operator,필터 OR 오퍼레이터
Filters saved,필터 저장됨
Find,찾기
Find suggestions,제안 사항 보기
Find suggestions after training,훈련 후 제안 사항 확인하기
Find suggestions for,다음에 대한 추천을 찾아보세요
Find suggestions for selected,선택한 항목에 대한 추천을 찾아보세요
Finding suggestions,제안 찾기
Fit,맞추기
Flag,깃발
for,에 대한
For all entities,모든 엔티티에 대해
For entities with blank values,값이 비어 있는 엔티티의 경우
Forgot Password or Username?,비밀번호나 사용자 이름을 잊으셨나요?
Forms and email configuration,양식 및 이메일 구성
From,시작
From all suggestions,모든 제안 중에서
From previous step,이전 단계에서
From selection,선택에서
From:,출처:
Full mode,전체 모드
Full width,전체 너비
General,일반
General access,일반 접근
General Information,일반 정보
Generated ID,생성된 ID
Global CSS,전역 CSS
Global CSS & JS,글로벌 CSS 및 JS
Global JS,글로벌 JS
Google,구글
Google Analytics,구글 분석
Google Maps,구글 지도
Group,그룹
Group by,그룹별
group expressions,집합 표현식
Group Options,그룹 옵션
Group saved,그룹 저장됨
Group updated,그룹이 업데이트되었습니다
Grouped geolocation properties,그룹화된 위치 정보 속성
Groups,그룹
Header and button preview,헤더 및 버튼 미리보기
Header bar active background,헤더 바 활성화 배경
Header bar background,헤더 바 배경
Header bar divider,헤더 바 구분선
Header bar hover background,헤더 바 마우스 오버 시 배경색
Header bar text,헤더 바 텍스트
help,도움말
here,여기
"Hi, I'm Bert.","안녕하세요, 저는 버트입니다."
Hide,숨기기
Hide actions,작업 숨기기
Hide details,세부 정보 숨기기
Hide label,라벨 숨기기
Hide restricted relationships from public,일반 대중에게 비공개 관계 숨기기
Hide toolbar,도구 모음 숨기기
HTML,HTML
https://yourdomain,전체경로: https://yourdomain
hub,허브
hubs,허브
Hybrid,하이브리드
Icon,아이콘
ID,ID
ID:,ID:
"If an account exists with the email you provided, you will receive an email
                        with instructions to reset your password.","지정하신 이메일 주소로 등록된 계정이 있는 경우,
비밀번호를 재설정하는 방법에 대한 안내가 담긴 이메일을 받으실 것입니다."
"If it is an external URL, use a fully formed URL. Ie. http://www.uwazi.io.",외부 URL 인 경우 전체 경로 (http://www. 부터 시작하는 전체 URL) 를 넣으십시오.
"If you want to continue, please type",계속하려면 다음을 입력하십시오:
Image doesn't match the required size.,이미지 크기가 지정된 크기와 일치하지 않습니다.
Import,업로드
Import / Export CSV,CSV 가져오기/내보내기
Import asset,자산 가져오기
Import CSV,CSV 업로드
Import failed. Review details below.,가져오기에 실패했습니다. 아래에서 세부 정보를 확인하세요.
Import finished successfully.,가져오기가 성공적으로 완료되었습니다.
Import finished with errors. Review details below.,오류가 발생하여 가져오기가 완료되었습니다. 아래에서 세부 정보를 확인하십시오.
Import is currently processing rows.,현재 가져오기 작업이 행을 처리 중입니다.
Import is retrying after an error.,오류가 발생한 후 가져오기가 다시 시도되고 있습니다.
Import theme instance file,테마 인스턴스 파일 가져오기
Import was cancelled.,가져오기가 취소되었습니다.
Imported translations from file,파일에서 번역 내용 가져옴
in,안
"In a group, either all relationships must have a hub or none of them.","그룹 내에서는 모든 관계에 허브가 있어야 하거나, 아니면 하나도 없어야 합니다."
In OCR queue,OCR 대기 중
In use,사용 중
Include all entities,모든 엔티티 포함
Include only public,공개된 항목만 포함
Incoming,수신
Info,정보
Information extraction training,정보 추출 훈련
Inherit,상속
Inherit property,속성 이어받기
Inherit type,유형 상속
"Inherited values are read-only. Change the connection above, or edit the source entity.",상속된 값은 읽기 전용입니다. 위의 연결을 변경하거나 소스 엔티티를 편집하십시오.
inherits,상속받음
Input,입력
Input type,입력 유형
Install,설치
Install Language(s),언어 설치
Install the browser extension.,브라우저 확장 프로그램을 설치하세요.
Installing languages,언어 설치
"Instructions on how to achieve this will vary according to the app used, please refer to the app's documentation.","이를 수행하는 방법은 사용하는 앱에 따라 다를 수 있으므로, 해당 앱의 설명서를 참고하시기 바랍니다."
Instructions to reset password,"입력하신 이메일 주소가 정확하다면, 비밀번호 재설정 방법을 안내해 드리겠습니다."
Instructions to reset the password were sent to the user,사용자에게 비밀번호 재설정 안내가 전송되었습니다.
Invalid captcha,잘못된 보안문자
Invalid csv: all the values for a row must be either nested or non-nested,잘못된 CSV: 한 행의 모든 값은 중첩된 형태이거나 중첩되지 않은 형태여야 합니다.
Invalid csv: nested value need to be under a non-nested value,잘못된 CSV: 중첩된 값은 중첩되지 않은 값 아래에 위치해야 합니다.
Invalid form,입력값이 누락되었거나 잘못된 값이 있습니다. 수정 후 다시 시도해 주세요.
Invalid URL,잘못된 URL
It could also very easily break the app. Only write code here if you know exactly what you are doing.,앱을 손상시킬 수 있습니다. 반드시 필요한 경우에만 코드를 입력하십시오.
it has been logged with request id #,이 내용은 요청 ID #로 기록되었습니다.
Item,항목
Items:,아이템
Javascript,자바스크립트
juris*,법*
key,Korean
Label,라벨
"Label date ""From""",~부터
"Label date ""to""",~까지
Labeled,표기됨
Landing page,랜딩 페이지
Landing page description,"랜딩 페이지는 방문자가 컬렉션에 처음 접속했을 때 보게 되는 페이지입니다. 기본 랜딩 페이지는 컬렉션의 라이브러리입니다. 여기에 상대 URL을 입력하면 다른 랜딩 페이지를 설정할 수 있습니다. 예시:
      
페이지: */page/dicxg0oagy3xgr7ixef80k9*
Uwazi의 필터링된 보기: */library/?searchTerm=test*
엔티티: */entity/9htbkgpkyy7j5rk9*
문서: */document/4y9i99fadjp833di*
      
중요: 반드시 상대 URL을 사용해야 합니다. 상대 URL은 슬래시(/)로 시작하며 도메인 이름을 포함하지 않습니다. 예를 들어 *https://yoursite.com/landingpage* 주소에서 상대 URL은 /landingpage입니다."
Language,언어
Language Code,언어 코드
Language deleted,언어가 삭제되었습니다.
Language reset success,언어 재설정이 성공적으로 완료되었습니다.
Language uninstalled successfully,언어가 성공적으로 제거되었습니다.
Language(s),언어
Language:,언어:
Languages,언어
Languages installed successfully,언어가 성공적으로 설치되었습니다.
Last updated,최종 업데이트
Last updated from collection:,컬렉션에서 마지막으로 업데이트된 날짜:
Latitude,위도
Latitude must be between -90 and 90,위도는 -90과 90 사이여야 합니다.
Learn how to add and configure a contact form on a webpage.,웹 페이지에 문의 양식을 추가하고 설정하는 방법을 알아보세요.
Learn how to build your first collection,첫 번째 컬렉션을 만드는 방법을 알아보세요
Learn more,더 알아보기
Learn more about the components.,구성 요소에 대해 자세히 알아보세요.
Legend,범례
Lengthy reindex process,오래 걸리는 재색인 과정
Library,라이브러리
library list view,라이브러리 리스트 뷰
library map view,라이브러리 지도 뷰
library table view,라이브러리 테이블 뷰
Light,라이트
Light Theme,밝은 테마
Link,링크
linked,링크 완료
List,목록
List renders as a table. Use the options below to filter empty or zero values.,목록이 표 형태로 표시됩니다. 아래 옵션을 사용하여 빈 값이나 0인 값을 필터링할 수 있습니다.
Live preview,실시간 미리보기
Live translate,실시간 번역
Load,로드
Load example,예제 불러오기
Load more,더 보기
Loading,로딩 중
Local time,현지 시간
Login,로그인
Login button,로그인 버튼
Login failed,로그인 실패
Logout,로그아웃
Longitude,경도
Longitude must be between -180 and 180,경도는 -180과 180 사이여야 합니다.
Lookup help,검색 도움말
Lost connection to the server. Your changes may be lost,서버와의 연결이 끊어졌습니다. 변경 내용이 손실될 수 있습니다.
low,낮게
Machine translated — editing this row clears the marker,Machine translated — editing this row clears the marker
Manage relationship types,관계 유형 관리
Manage site settings and configuration,사이트 설정 및 구성 관리
Manage types,유형 관리
Manual data,수동 데이터
Manually set a color,색상을 수동으로 설정하기
Map,지도
Map api key,지도 API 키
Map API key,지도 API 키
Map api key tooltip,Mapbox 또는 Google Maps를 사용하려면 API 키가 필요합니다.
Map Layers,지도 레이어
Map layers description,지도 레이어 설명
Map Provider,지도 제공업체
Map view,지도 뷰
Mapbox,Mapbox
Mapping conflict error,"컬렉션의 재색인이 필요합니다. 그 이유는 템플릿 속성에 대한 특정 변경 사항부터 엔티티 전반에 채워야 하는 새 필드에 이르기까지 다양할 수 있습니다. 이 과정은 컬렉션의 데이터에 부정적인 영향을 미치지 않습니다. 몇 분 정도 소요될 수 있으며, 컬렉션의 일부가 라이브러리에 다시 표시되기까지 다소 시간이 걸릴 수 있지만 이는 일시적인 현상입니다. 계속하시겠습니까?"
Maps,지도
Mark as Reviewed,검토 완료로 표시
Mark as reviewed,‘검토 완료’로 표시
Markdown,마크다운
"Markdown support in custom pages will be discontinued starting in 2027. Upgrade this page
          when its content no longer relies on Markdown syntax.","2027년부터 사용자 정의 페이지에서 마크다운 지원이 중단될 예정입니다. 이 페이지의 내용이 더 이상 마크다운 구문에 의존하지 않게 되면
이 페이지를 업그레이드하십시오."
marked and labeled,표시 및 라벨 부착
marked for training,훈련 대상으로 지정됨
Marked for training + all labeled entries,‘훈련 대상’으로 표시된 항목 + 라벨이 지정된 모든 항목
Marked for training only,'훈련 대상'으로만 표시됨
Match,일치
match,일치
match verbatim,문자 그대로 일치
matches,일치하는 항목
"matches jurisdiction, jurists, jurisprudence","법원, 법조인, 법학과 일치함"
Matches show the passage and the page they are on.,일치 항목에는 해당 구절과 그 구절이 있는 페이지 번호가 표시됩니다.
Matching,일치
matching,일치
Matomo,Matomo
Members,멤버
Menu,메뉴
Message,메세지
Message sent,메시지가 전송되었습니다
Metadata,메타데이터
Metadata Extraction,메타데이터 추출
"Metric shows a single total count. Select Pie, Bar, or another chart type above to
            configure categories, labels, and slices. Use the Appearance tab for colors.","‘계측’ 차트에는 단일 총계가 표시됩니다. 상단에서 ‘원형’, ‘막대’ 또는 다른 차트 유형을 선택하여
 범주, 레이블 및 조각을 설정하세요. 색상 설정은 ‘모양’ 탭에서 조정할 수 있습니다."
MIGRATE,마이그레이트
Minimum,최소
Mismatch,불일치
mismatched passwords,비밀번호가 일치하지 않습니다
mismatching,불일치
Mixed access,혼합 접근
ML TOC,ML 목차
Modified,수정됨
Month,월
Months,개월
More,더 보기
more,더 보기
more options.,옵션 더보기
More rows per screen; same type size,"화면에 더 많은 행이 표시되고, 글자 크기는 동일합니다"
Multi-source mode,다중 소스 모드
Multiple date,여러 날짜
Multiple date range,여러 날짜 범위
Multiple inherited properties warning ([property 1] affects [property 2]),영향
Multiple matches found,일치하는 항목이 여러 개 있습니다.
Multiple relationships edit description,"이 속성을 변경하면, 이 템플릿의 다른 속성에도 영향을 미치게 됩니다. 이는 모든 속성이 동일한 구성과 연관되어 있기 때문입니다."
Multiple select,여러 개 선택
Name,이름
Name is required,이름이 필요합니다.
Name is too long,이름이 너무 깁니다.
Name is too short,이름이 너무 짧습니다.
Narrow down your searches,검색을 세부화하십시오.
"Narrow entities before aggregation. With multiple sources, pick the property under the
        source alias so each filter applies only to that series.","집계하기 전에 엔티티의 범위를 좁혀야 합니다. 소스가 여러 개인 경우, 각 필터가 해당 시계열에만 적용되도록
 소스 별칭 아래에 있는 속성을 선택하십시오."
Narrow your search,상세 검색
Navigate back,이전 페이지로 돌아가기
Navigation menu tool tip part 1,"이 웹사이트 내부의 URL인 경우, 첫 부분을 반드시 삭제하십시오."
Navigation menu tool tip part 2,슬래시 문자로 시작하는 상대 URL만 남깁니다. 예: /some_url.
New,새로움
New activity will show up here.,새로운 활동이 여기에 표시됩니다.
New conversation,새로운 대화
New entity,새 엔티티
New group,새로운 그룹
New language added,새로운 언어가 추가되었습니다.
New page,새 페이지
New password,새 비밀번호
New primary doc,새 기본 문서
New relation type label…,새로운 관계 유형 레이블…
New relationship type,새로운 관계 유형
New relationships group,새로운 관계 그룹
New Relationships Migration,새로운 관계 마이그레이션
New user,신규 사용자
Next,다음
No,아니오
No attachments,첨부파일 없음
No audio or video on this entity,이 엔티티에는 오디오나 비디오가 없습니다.
No chart types match your search.,검색 조건에 맞는 차트 유형이 없습니다.
No common filters,공통 필터 없음
No connected entities yet.,아직 연결된 엔티티가 없습니다.
No Connections,커넥션 없음
No Connections description,연결이란 이 문서와 다른 문서 및 개체 간의 직접적인 관계를 말합니다.
No context,문맥 없음
No CSVs yet,아직 CSV 파일이 없습니다
No data,데이터 없음
NO DATA AVAILABLE,데이터가 없습니다.
No entities found,해당 항목이 없습니다.
NO EXTRACTORS,추출기 없음
No files available,사용 가능한 파일이 없습니다.
No files queued yet.,아직 대기 중인 파일이 없습니다.
no filters for templates,엔티티 유형들의 조합에는 공통된 필터가 없습니다.
No Group,그룹 없음
No icon / flag,아이콘/플래그 없음
No images on this entity,이 엔티티에는 이미지가 없습니다.
No items available,사용 가능한 항목이 없습니다.
No Label,라벨 없음
No label,라벨 없음
No matches for,해당 검색어에 대한 결과가 없습니다.
No matches.,일치하는 결과가 없습니다.
No matching entities.,일치하는 항목이 없습니다.
No media selected,선택된 미디어가 없습니다
No metadata for this entity yet.,이 엔티티에 대한 메타데이터는 아직 없습니다.
No options,선택 사항 없음
No options found,검색된 옵션 없음
No page,페이지가 없습니다
No people or groups added yet,아직 추가된 사람이나 그룹이 없습니다.
No primary documents,원본 문서 없음
No primary documents yet. Add a file to get started.,아직 원본 문서가 없습니다. 시작하려면 파일을 추가하세요.
No property,이 항목에는 해당 속성이 없습니다.
No References,참고문헌 없음
No References description,참조 항목은 본 문서에서 다른 문서 및 개체와 관련된 부분을 말합니다.
No relationship types,관계 유형 없음
No Relationships,관계 없음
No Relationships description,관계란 개체들 간의 유대입니다.
No relationships found,관련 항목이 없습니다.
No relationships to graph,그래프에 연결된 관계가 없음
No releases yet,아직 릴리스가 없습니다
No results found,결과가 없습니다.
No supporting files yet. Add a file to get started.,아직 첨부 파일이 없습니다. 시작하려면 파일을 추가하세요.
No table of contents,목차 없음
No Table of contents,목차 없음
No table of contents description,문서에서 텍스트를 선택한 다음 “목차에 추가” 버튼을 클릭하여 시작할 수 있습니다.
No templates available to add.,추가할 수 있는 템플릿이 없습니다.
No text match,일치하는 텍스트 없음
No text match description,검색창에 다른 내용을 입력하면 관련 결과를 확인할 수 있습니다.
No timelinks added,타임링크가 추가되지 않았습니다
No translation in,번역 없음
No type,유형 없음
No uploaded images fit the requirements,업로드된 이미지 중 이 크기 요건에 맞는 것이 없습니다. 새 이미지를 업로드하거나 편집기를 사용하여 기존 파일의 크기를 조정하세요.
No user or group found,해당 사용자 또는 그룹을 찾을 수 없습니다.
No valid target template available,사용 가능한 유효한 대상 템플릿이 없습니다.
No value,값 없음
No Value,값 없음
No visualization data available.,사용 가능한 시각화 데이터가 없습니다.
"No, cancel","아니요, 취소해 주세요"
no-toc-description,"문서에서 텍스트를 선택한 다음 “목차에
추가” 버튼을 클릭하여 시작할 수 있습니다."
Non processed,가공되지 않은
Non-labeled,표기가 없는
Non-latin characters support,비라틴 문자 지원
None,없음
Normal view,일반 뷰
Not already been use as source template in another extractor,다른 추출기에서 소스 템플릿으로 아직 사용된 적이 없음
Not already been use as target template,아직 대상 템플릿으로 사용된 적이 없습니다
Not Found,찾을 수 없음
Nothing here yet.,아직 여기에 아무것도 없습니다.
Nothing selected,선택된 항목이 없습니다.
Notifications,알림
Obsolete,사용되지 않음
obsolete,구식
OCR,OCR (광학 문자 인식)
OCR button tip,This will process the document to recognize it's text. The original file will be added as a supporting file.
OCR completed,OCR 완료
OCR description tip 1,이렇게 하면 PDF 문서에 대해 광학 문자 인식(OCR) 기능이 활성화됩니다. 이 서비스는 스캔한 문서나 사진과 같은 이미지 내의 텍스트를 인식하여 컴퓨터가 읽을 수 있는 텍스트 데이터로 변환합니다.
OCR description tip 2,이 기능이 활성화되면 관리자 및 편집자 사용자는 PDF 문서를 OCR 서비스로 전송할 수 있게 됩니다.
OCR error,OCR 에러
OCR error tip,문서 형식이 올바르지 않아 OCR 엔진이 문서를 인식하지 못했습니다. 마지막 업데이트
OCR PDF,PDF OCR 읽기
of,의
Ok,확인
OK,확인
On this entity,이 엔티티에 관하여
one character,한 글자
Only essential,꼭 필요한 것만
"Only properties with the same name and configuration in every data source are available
            for both dimensions.","모든 데이터 소스에서 이름과 구성이 동일한 속성만
두 차원 모두에서 사용할 수 있습니다."
Only published entities are counted.,공개된 엔티티만 집계됩니다.
"Only templates that are not used as source in any other extractor and are not
                selected as target in this extractor are available for selection.","다른 추출기에서 소스로 사용되지 않고, 이 추출기에서 대상으로
선택되지 않은 템플릿만 선택할 수 있습니다."
"Only templates with at least one rich text property and one numeric property are
                available for selection.","리치 텍스트 속성이 하나 이상이고 숫자 속성이 하나 이상 포함된 템플릿만
선택할 수 있습니다."
"Only the extractor will be deleted, all created entities will remain on the library.","추출기만 삭제되며, 생성된 모든 엔티티는 라이브러리에 그대로 남아 있습니다."
Open,열기
Open entity,엔티티 열기
Open group,그룹 펼치기
Open link,링크 열기
Open PDF,PDF 열기
Open the two-factor Authenticator app on your device,기기에서 Authenticator 앱을 여십시오.
Options,옵션
or,또는
or drag and drop here,또는 여기로 드래그 앤 드롭하세요
or drop your files here.,혹은 여기에 파일을 드롭하십시오.
Or paste a URL,또는 URL을 붙여넣으세요
Order,순서
Other,기타
other,기타
Other users will be affected by this action!,이 조치로 인해 다른 사용자들에게도 영향이 미칠 것입니다!
Others,기타
Outgoing,발신
p.,p.
Page,페이지
Page not found,페이지를 찾을 수 없습니다
Page published successfully.,페이지가 성공적으로 게시되었습니다.
Pages,페이지
Paragrap number extraction property (numeric),단락 번호 추출 속성 (숫자)
Paragraph,문단
Paragraph Extraction,문단 추출
Paragraph Extractor added,단락 추출기 추가됨
Paragraph text extraction property (rich text),단락 텍스트 추출 속성 (서식 있는 텍스트)
Paragraphs,단락
Paragraphs deleted,삭제된 문단
parties,당사자들
Password,비밀번호
Password + 2fa,비밀번호 + 2단계 인증
Password changed success,비밀번호 변경 성공
Password is too long,암호가 너무 깁니다.
Passwords do not match,비밀번호가 일치하지 않습니다
Paste an audio or video URL to use it as this property without uploading a file. Press Enter to apply.,파일을 업로드하지 않고 이 속성으로 사용하려면 오디오 또는 동영상 URL을 붙여넣으세요. Enter 키를 눌러 적용하세요.
Paste an image URL to use it as this property without uploading a file. Press Enter to apply.,파일을 업로드하지 않고 이 속성으로 사용할 이미지 URL을 붙여넣으세요. Enter 키를 눌러 적용하세요.
Paste this tag in a page HTML. The chart uses the page language.,이 태그를 페이지의 HTML에 붙여넣으세요. 차트는 페이지의 언어를 사용합니다.
Paste URL,URL 붙여넣기
Paste URL here,URL을 여기에 붙여넣으세요
PDF,PDF
Pending,처리 중
People and groups,사람과 단체
per page,페이지당
Permission,권한
Permission level,권한 수준
Permission on entities explicitly shared with the user,특정 사용자에게 엔티티 접근 허가
Permissions,권한
Permissions updated,권한이 업데이트되었습니다.
Pick a color,색상을 선택하세요
Pick another,다른 항목 선택
Plain text,일반 텍스트
Please contact an admin for details.,자세한 내용은 관리자에게 문의하십시오.
Please type in,다음 내용을 입력해 주세요
Please type in letters and numbers from the image to start the export.,이미지에 있는 문자와 숫자를 입력해 추출을 시작하십시오.
Pre-filled from your selection. Edit as needed.,선택하신 내용으로 미리 채워져 있습니다. 필요에 따라 수정하세요.
Preflight scan completed.,프리플라이트 스캔이 완료되었습니다.
Preparing required relationships.,필요한 관계를 준비하고 있습니다.
Preparing required thesauri values.,필요한 시소러스 값을 준비하고 있습니다.
Preserve,보존
Preserve Extension,보존 확장
Preserve Setup Description,Uwazi URL과 TOKEN을 알고 계신다면 아래 링크를 클릭하고 필수 정보를 입력해 주세요.
Press enter to add,Enter 키를 눌러 추가
Preview,미리보기
Preview updates automatically (300ms debounce),업데이트 내용을 자동으로 미리 보기 (300ms 디바운스)
Preview updates when the JSON is valid.,JSON이 유효할 때 업데이트 내용을 미리 볼 수 있습니다.
Previous,이전
Primary,기본
Primary button,메인 버튼
Primary document,원본 문서
Primary Documents,기본 문서
Primary documents,1차 자료
Priority sorting,우선순위 정렬
Priority sorting description,"우선순위 정렬로 표시된 속성은 기본 정렬 기준으로 사용됩니다. 두 개 이상의 속성이 우선순위 정렬로 표시된 경우, 시스템은 가장 적합한 속성을 선택하려고 시도합니다. 서로 다른 유형의 템플릿이 혼합되어 나열될 경우, 시스템은 가장 적합한 조합의 우선순위 정렬을 선택합니다."
Private,비공개
Private entities description,주의: 선택한 개체는 **비공개**로 설정됩니다. 승인된 사용자만 이를 볼 수 있습니다.
Process,처리
Process extractor,추출기 처리
Process selected,선택 항목 처리
Processed,처리됨
Processed rows,처리된 행
Processing,처리 중
Progress,진행 상황
Properties,속성
Properties from other templates in the collection using the same label,이 컬렉션 내 다른 템플릿의 속성이 동일한 라벨을 사용하고 있습니다.
Properties from other templates in the collection using the same label.,동일한 레이블을 사용하는 컬렉션 내 다른 템플릿의 속성.
"Properties marked as priority sorting will be used as default sorting criteria. If more than one property is marked as priority sorting the system will try to pick-up the best fit. When listing mixed template types, the system will pick-up the best combined priority sorting.","우선순위 정렬로 표시된 속성은 기본 정렬 기준으로 사용됩니다. 두 개 이상의 속성이 우선순위 정렬로 표시된 경우, 시스템은 가장 적합한 것을 선택하려고 시도합니다. 다양한 템플릿 유형을 나열할 때는 시스템이 가장 적합한 조합의 우선순위 정렬을 선택합니다."
Property,속성
Property as filter description,"이 속성은 라이브러리 검색 결과를 필터링하는 데 사용됩니다. 다른 엔티티 유형과 이름 및 필드 유형이 동일한 속성이 일치하는 경우, 해당 속성들은 필터링 시 통합되어 사용됩니다."
property date,날짜
property daterange,날짜 범위
property generatedid,생성된 ID
property geolocation,지리적 위치
property image,이미지
property link,링크
property markdown,서식 있는 텍스트
property media,미디어
property multidate,여러 날짜
property multidaterange,여러 기간
property multiselect,여러 개 선택
property numeric,수치
property preview,미리보기
property relationship,관계
property select,선택
property text,텍스트
Property type,속성 유형
Protection,보호
ProTip!,프로 팁
"Provide chart-ready data as JSON. Each series needs id, label, and a points array with
              label and value per row. Optional key on points helps stable colors.","차트에 바로 사용할 수 있는 데이터를 JSON 형식으로 제공하십시오. 각 시리즈에는 ID, 레이블, 그리고 각 행마다
 레이블과 값이 포함된 점(point) 배열이 필요합니다. 점(point)에 키를 추가하면 색상을 일관되게 유지하는 데 도움이 됩니다."
Public entities description,주의: 선택한 항목은 **공개**로 설정됩니다. 누구나 이를 볼 수 있습니다.
Public form settings description,여기에서 공개 양식의 전송 대상과 허용 목록에 포함된 템플릿을 설정할 수 있습니다.
Public Form submit URL,공개 양식 제출 URL
Public form URL description,"공개 양식을 설정했고, 제출된 내용을 다른 Uwazi 컬렉션으로 수신하고 싶다면 여기에 해당 컬렉션의 URL을 입력하세요."
Public form whitelist description,"페이지에 공개 양식을 포함하려면, 해당 페이지에 표시될 공개 양식의 템플릿 ID를 허용 목록에 추가해야 합니다."
Public instance,공개 인스턴스
Publish,게시
Publish release,릴리스 게시
Published,공개 게시물
Published and unpublished entities are counted.,공개 및 비공개 엔티티가 모두 집계됩니다.
QR Code,QR 코드
Query,검사
Queued,대기 중
RAW,RAW
"Re-runs the query against your current collection. Use this after importing
                        or editing entities—not when changing chart settings (save handles that).","현재 컬렉션을 대상으로 쿼리를 다시 실행합니다. 엔티티를 가져오거나
편집한 후에 이 기능을 사용하세요. 차트 설정을 변경할 때는 사용하지 마세요(차트 설정 변경 시 자동으로 처리됩니다)."
Re-uploaded document,다시 업로드된 문서
Ready,준비됨
Receiving email,수신 이메일 주소
Receiving email description,"문의 양식이 있는 경우, 이 이메일 주소로 양식 제출 내용이 전송됩니다."
Recommended,추천
Reference,참고 문헌
References,참고문헌
references,참고 문헌
Refresh,새로 고침
"Refresh manually when you have added data and cannot wait for the next
                        scheduled run.","데이터를 추가한 후 다음
예정된 실행을 기다릴 수 없는 경우 수동으로 새로 고침하십시오."
Refresh mode,새로 고침 모드
Reject,거부
Reject all,모두 거부
Related entities created,관련 엔티티 생성됨
Relation type,관계 유형
Relationship,연결
Relationship created,관계 생성됨
Relationship Type,관계 유형
Relationship type,관계 유형
Relationship type created successfully.,관계 유형이 성공적으로 생성되었습니다.
Relationship type name,관계 유형명
Relationship type name already exists,관계 유형 이름이 이미 존재합니다.
Relationship types,연결 유형
relationships,연결
Relationships,연결
Relationships saved,관계가 저장되었습니다.
relationships? This action cannot be undone.,관계? 이 작업은 되돌릴 수 없습니다.
RelationType saved,연결 유형 저장 완료
Release message,릴리스 메시지
Relevance,관련성
remaining,남은
remaining files,나머지 파일
Remote Server Unreachable,원격 서버에 연결할 수 없음
Remove,제거
Remove from connection,연결 해제
Remove from training set,훈련 집합에서 제외
remove icon,아이콘 제거
Remove icon,아이콘 제거
Removed language,삭제된 언어
Rename,이름 재설정
Renamed attachment,첨부 파일 이름 변경
Repeat Password,암호를 재입력하십시오.
Request id #,아이디 요청 #
Request token,토큰 요청
Required,필수
Required property,필수 속성
Required relationships were prepared.,필요한 관계가 설정되었습니다.
Required thesauri values were prepared.,필요한 시소러스 값들이 준비되었습니다.
Reset,초기화
Reset 2FA,이중 인증 절차 재설정
Reset default translation,기본 번역 재설정
Reset language,언어 재설정
Reset Password,암호 재설정
Reset passwords,비밀번호 재설정
Resize panels,패널 크기 조정
Restore,복원
Restore previous version,이전 버전 복원
Restricted,비공개 게시물
Retryable,재시도 가능
Retrying,다시 시도 중
Return to login,로그인으로 돌아가기
Review,검토
Reviewed,검토 완료
Role,권한
Room around every row,각 행 주위에 여유 공간이 생깁니다
Route,루트
Row,행
Row density,행 밀도
Rows failed,행 처리 실패
Rows processed,처리된 행 수
Sample,샘플
Satellite,위성
Save,저장
Save & Preview,저장 및 미리 보기
Save changes,변경사항 저장
Save password,암호 저장
Save the visualization before refreshing.,새로 고침하기 전에 시각화 내용을 저장하세요.
Save the visualization to get embed code.,시각화 자료를 저장하여 삽입 코드를 얻으세요.
Save your work to make change permanent,변경 사항을 영구적으로 적용하려면 작업을 저장하세요
Saved successfully.,저장이 완료되었습니다.
Saved with warnings,경고와 함께 저장됨
Saving,저장
Saving...,저장 중...
Scanning,스캔
Scanning rows before import.,가져오기 전에 행을 스캔 중입니다.
Schedule,일정
Schedules run in UTC (Coordinated Universal Time).,일정은 UTC(협정 세계시) 기준으로 운영됩니다.
Search,검색
"Search  •  AND, OR, NOT, ""exact"", wild*","검색  •  AND, OR, NOT, ""정확 일치"", 와일드카드*"
Search by title,제목별 검색
Search entities...,엔티티 검색...
Search entities…,엔티티 검색…
Search item,아이템 검색
Search related entities or documents,연결된 엔티티 및 문서 검색
Search relationships,관계 검색
Search relevance,관련성 검색
Search text,텍스트 검색
Search text description,검색창에 단어를 입력하면 결과가 표시됩니다.
Search this document,이 문서에서 검색하기
Search Tips,검색 팁
Search tips,검색 팁
Search Tips: boolean,"불리언 검색을 위한 AND, OR, NOT입니다. 예: ""status AND women NOT Nicaragua""는 ""status""와 ""women"" 두 단어를 모두 포함하고 ""Nicaragua""라는 단어는 포함하지 않는 문서와 일치합니다."
Search Tips: exact term,"검색어를 따옴표로 묶으면 정확한 문구를 검색합니다. 예: ""인권 침해""로 검색하면 따옴표 없이 인권 침해로 검색할 때와는 다른 결과가 나타납니다."
Search Tips: one char wildcard,"물음표(?)는 한 글자를 대체하는 와일드카드입니다. 예: ""198?""는 1980부터 1989까지의 숫자는 물론 198a, 198b 등과도 일치합니다."
Search Tips: proximity,"물결표(~)는 근접 검색에 사용됩니다. 예: ""법적 상태""~5는 ""법적""과 ""상태""라는 두 단어가 서로 5단어 이내의 거리에 있는 텍스트를 찾으며, ""법적 절차상 상태"", ""법적으로 규정된 상태"" 같은 문구도 포함됩니다."
Search Tips: wildcard,"별표(*)는 와일드카드 검색에 사용됩니다. 예: ""법*""는 법원, 법적, 법조인, 법학 등의 단어와 일치합니다."
Search title & metadata,제목 및 메타데이터 검색
Searching...,검색 중...
Secondary button,보조 버튼
Secret keys,비밀 키
Security,보안
Select,선택
Select & Search,선택 및 검색
"Select a dimension to see supported chart types, or use Metric for a total count.","지원되는 차트 유형을 확인하려면 차원을 선택하거나, 총 개수를 확인하려면 ‘지표’를 사용하세요."
Select a document to connect to a specific paragraph,특정 단락에 연결할 문서를 선택하세요
Select a file,파일을 선택하세요
Select all,전체 선택
Select an existing image,기존 이미지를 선택하세요
Select favicon image,파비콘 이미지 선택
Select files on your device,기기에서 파일을 선택하십시오.
Select from computer,컴퓨터에서 선택
Select image,이미지 선택
Select media,미디어 선택
Select relationship,관계 선택
Select relationship type,연결 유형 선택
Select site logo image,사이트 로고 이미지 선택
Select target document,대상 문서 선택
Select target entity,대상 엔티티 선택
Select target paragraph,대상 단락 선택
Select text in target document,대상 문서에서 텍스트 선택
select text or a value,텍스트 또는 값을 선택하세요
Select the template to store the extracted paragraphs.,추출된 단락을 저장할 템플릿을 선택하세요.
Select the template with the source documents.,원본 문서가 포함된 템플릿을 선택하십시오.
Select...,선택
Selected,선택됨
selected,선택 완료
selected of,~ 중 선택됨
Selected or suggested,선택된 또는 추천된
Selected templates,선택된 템플릿
Send,전송
Send recovery email,복구 이메일 전송
Sending email,발신 이메일 주소
Sending email description,이 이메일 주소는 귀하의 Uwazi 컬렉션에서 등록된 사용자에게 이메일을 보낼 때 발신자로 표시되는 주소입니다. 기본 주소는 *no-reply@uwazi.io*입니다. 여기에 원하는 이메일 주소를 입력하여 사용자 지정 주소를 설정할 수 있습니다.
Sending labeled data,라벨이 지정된 데이터 전송
Series,시리즈
Services,서비스
Set as default,기본으로 설정
Set default language,기본 언어 설정
Set default template,기본 템플릿 설정
Set the default starting point for your geolocation properties.,지리정보 속성을 위해 기본 시작점을 설정하십시오.
Settings,설정
settings,설정
Settings navigation active background,설정 탐색 활성 배경
Settings sidebar background,설정 사이드바 배경
Settings updated,설정 업데이트 완료
Share,공유
Share edit access with other users,다른 사용자와 편집 권한 공유하기
Share entities with the public,엔티티를 대중과 공유하기
Share with people and groups,사용자 및 그룹과 공유
Shared as editor,편집자로 공유
Shared as viewer,뷰어로 공유
Show actions,작업 표시
Show cookie policy,쿠키 정책 보기
Show details,자세히 보기
Show filters,필터 보기
Show in cards,카드에 표시하기
Show information,정보 보기
Show less,더 적게 보기
Show more,자세히 보기
Show remaining in panel,패널에 남은 항목 표시
Show toolbar,도구 모음 표시
Showing,표시 중
Showing the top,상위 결과 표시
shown of,/
Sign in,로그인
Simple mode,간단 모드
Single relationships must have a hub,단일 관계에는 허브가 반드시 있어야 합니다
Site logo description,"로고는 상단 바의 컬렉션 이름 옆에 표시됩니다(약 200×32 픽셀).

1. 필요한 경우 ‘사용자 지정 업로드’에 이미지를 업로드하세요.
2. “사이트 로고 이미지 선택”을 클릭하고 파일을 선택하세요. ‘사용자 지정 업로드’에 있는 이미지만 목록에 표시됩니다."
Site logo no images hint,"아직 ‘사용자 업로드’에 이미지 파일이 없습니다. 먼저 해당 위치에 PNG, SVG 또는 JPEG 이미지를 추가해 주세요."
Size,크기
Skip to main content,본문으로 건너뛰기
Some tasks may take a while. Bert will reply when it's done.,일부 작업은 시간이 좀 걸릴 수 있습니다. 작업이 완료되면 Bert가 답장을 드릴 것입니다.
Something went wrong,오류
Sort,분류하기
Sort ascending,오름차순으로 정렬
Sort descending,내림차순 정렬
Sort:,정렬 기준:
sorted by,정렬 기준
Source,출처
Source entity,원본 엔티티
Source page,원본 페이지
Source relationship type,원본 관계 유형
Source template,원본 템플릿
Source Template,원본 템플릿
Source's role in the relationship Source-Target.,'원본-대상' 관계에서 원본이 수행하는 역할.
Stage,단계
stat*,stat*
State,주
Statistics,통계
Stats & Filters,통계 및 필터
Status,상태
status AND women NOT Nicaragua,status AND women NOT Nicaragua
Stop filling,채우기를 중지하세요
Storage,저장
Streets,일반
Strict mode,제한 모드
Style,스타일
Submit,제출
Submitted entity to a remote instance,엔티티를 원격 인스턴스에 제출함
Submitting,제출
Success,성공
"Success, Upload another?","성공, 하나 더 업로드할까요?"
Suggestion,제안
Suggestion:,제안:
Suggestions,자동 제안
suggestions,제안 사항
Suggestions sent,제안 사항이 전송되었습니다.
Suggestions updated,제안 사항 업데이트됨
Supported chart types for manual data,수동 데이터에 지원되는 차트 유형
Supported chart types for this configuration,이 구성에서 지원되는 차트 유형
Supporting,지원
Supporting file,보조 파일
Supporting files,추가 파일
Synced template,동기화된 템플릿
Synced Template,동기화된 템플릿
Synced templates cannot be deleted.,동기화된 템플릿은 삭제할 수 없습니다.
System translations,시스템 번역
Table,테이블
Table of Contents,목차
Table of contents,목차
Table of contents saved successfully,목차가 성공적으로 저장되었습니다.
Table view,테이블 뷰
Target entity,대상 엔티티
Target entity type,대상 엔티티 유형
Target relationship type,대상 관계 유형
Target Template,대상 템플릿
Target template,대상 템플릿
Target's role in the relationship Source-Target.,'원본-대상' 관계에서 대상의 역할.
Target:,대상:
Tasks,작업
Template,템플릿
Template changes are being applied to all related entities.,템플릿 변경 사항이 모든 관련 엔티티에 적용되고 있습니다.
Template color,템플릿 색상
"Template colors apply when comparing data sources or when the dimension is entity
              type. Otherwise the chart palette is used as fallback.","데이터 소스를 비교할 때나 차원이 엔티티
 유형일 경우 템플릿 색상이 적용됩니다. 그 외의 경우에는 차트 팔레트가 대체 색상으로 사용됩니다."
Template conflict,템플릿 충돌
Template name,템플릿 이름
Template name already exists,템플릿 이름이 이미 존재합니다
Template processing completed.,템플릿 처리가 완료되었습니다.
Template saved successfully.,템플릿이 정상적으로 저장되었습니다.
Template with a long number of entities,"템플릿이 변경되었으며, 관련 엔티티에 대한 색인 생성이 다시 수행될 예정입니다.
이 과정은 몇 분 정도 소요될 수 있습니다. 계속하시겠습니까?"
Template(s),템플릿
Template(s) deleted successfully.,템플릿이 성공적으로 삭제되었습니다.
Templates,템플릿
Templates:,템플릿:
Text,텍스트
Text references limit warning,텍스트 참조 수는 일시적으로 최대 300개로 제한됩니다. 현재 이 문제를 해결하기 위해 노력 중입니다.
"The process of extracting the paragraphs has successfully started. Check the Status
              column for updates on the process.","단락 추출 과정이 성공적으로 시작되었습니다. 진행 상황 업데이트는 '상태'
열에서 확인하십시오."
The request could not be processed.,요청을 처리할 수 없습니다.
The source of this template is a sync.,이 템플릿의 출처는 동기화입니다.
The token does not validate against the secret key,이 토큰은 비밀 키와 일치하지 않습니다.
The token does not validate against the secret key!,이 토큰이 비밀 키와 일치하지 않습니다!
"the words together, in that order",그 단어들을 그 순서대로 나열하여
the words within 5 of each other,서로 5 이내의 단어들
Theme and branding,테마 및 브랜딩
Theme colors,테마 색상
Theme colors imported,테마 색상 가져오기 완료
Theme favicon,테마 파비콘
Theme instance file invalid,테마 인스턴스 파일이 유효하지 않습니다.
Theme logotype,테마 로고
Theme presets,테마 사전 설정
Theme preview,테마 미리보기
Then by,그런 다음
There are no pages enabled for entity view,엔티티 뷰가 활성화된 페이지가 없습니다.
There are no untranslated terms,번역되지 않은 용어는 없습니다.
Thesauri,시소러스
Thesauri added.,시소러스가 추가되었습니다.
Thesauri deleted,시소러스 삭제됨
Thesauri name,시소러스 이름
thesauri new group desc,시소러스 새 그룹 설명
thesauri new item desc,시소러스 새 항목 설명
Thesauri updated.,시소러스가 업데이트되었습니다.
Thesauri values created,시소러스 값 생성됨
Thesaurus,시소러스
Thesaurus created successfully.,시소러스가 성공적으로 생성되었습니다.
Thesaurus name,시소러스 이름
Thesaurus name already exists,이 시소러스 이름은 이미 존재합니다.
Thesaurus saved,시소러스 저장 완료
This action may take some time while we add the extra language to the entire collection.,전체 컬렉션에 추가 언어를 반영하는 과정에서 이 작업에 다소 시간이 걸릴 수 있습니다.
This area allows you to append custom Javascript to the page. This opens up a new universe of possibilities.,이 영역에 사용자 맞춤 자바스크립트를 추가할 수 있습니다.
This chart type cannot display the current data.,이 차트 유형으로는 현재 데이터를 표시할 수 없습니다.
"This chart type cannot display the current data. Pick a supported type in the Chart
              tab.","이 차트 유형으로는 현재 데이터를 표시할 수 없습니다. [차트]
 탭에서 지원되는 유형을 선택하십시오."
"This chart type has no extra options. Select another chart type above if you need
            legend, labels, or data filters.","이 차트 유형에는 추가 옵션이 없습니다. 범례, 레이블 또는 데이터 필터가 필요한 경우
위에서 다른 차트 유형을 선택하세요."
This content is automatically generated,콘텐츠가 자동으로 생성되었습니다.
This data visualization name already exists. Enter a unique name.,이 데이터 시각화 이름은 이미 존재합니다. 고유한 이름을 입력해 주세요.
"This entity has no document, you probably want to see the metadata",이 엔티티에는 문서가 없습니다. 메타데이터를 확인하십시오.
This entity is restricted from public view.,이 엔티티는 공개 모드에서 제한됩니다.
This field is required,이 항목은 필수 입력 사항입니다.
This file could not be displayed. Try refreshing the page.,이 파일을 표시할 수 없습니다. 페이지를 새로 고침해 보세요.
This file could not be opened. It may be corrupted or not a valid PDF.,이 파일을 열 수 없습니다. 파일이 손상되었거나 유효한 PDF가 아닐 수 있습니다.
"This file is currently unavailable. Please contact your administrator if the issue
                  persists.","현재 이 파일을 이용할 수 없습니다. 문제가
계속될 경우 관리자에게 문의해 주십시오."
"This file is currently unavailable. Please contact your administrator if the issue
              persists.","현재 이 파일을 이용할 수 없습니다. 문제가
계속될 경우 관리자에게 문의해 주십시오."
This file type is not supported on media fields,이 파일 형식은 미디어 필드에서 지원되지 않습니다.
This group is empty,이 그룹에는 항목이 없습니다.
This import is waiting in queue.,이 가져오기 작업은 대기열에 대기 중입니다.
This label already exists in this template,이 레이블은 이 템플릿에 이미 존재합니다.
This page does not need Markdown,이 페이지에는 마크다운이 필요하지 않습니다.
"This page uses HTML only (Markdown is not processed). You can embed maps, charts, entity
          lists, and other components.","이 페이지는 HTML만 사용합니다(마크다운은 처리되지 않습니다). 지도, 차트, 엔티티
목록 및 기타 구성 요소를 삽입할 수 있습니다."
This property can not be deleted,이 속성은 삭제할 수 없습니다.
This property will appear in the library cards as part of the basic info.,이 속성은 카드의 기본 정보에 포함되며 라이브러리에서 볼 수 있습니다.
This property will be shown using all the width available.,디스플레이 가능한 너비 내에서 이 속성을 표시합니다.
This property will be shown without the label,이 속성은 라벨 없이 표시됩니다.
This property will be the default filter in the library for this template.,이 속성은 이 템플릿에 대한 라이브러리의 기본 필터로 설정됩니다.
"This property will be used for filtering the library results. When properties match in equal name and field type with other entity types, they will be combined for filtering.","이 속성은 라이브러리 검색 결과를 필터링하는 데 사용됩니다. 다른 엔티티 유형과 이름 및 필드 유형이 동일한 속성이 있을 경우, 해당 속성들은 필터링 시 통합되어 적용됩니다."
This search could not be completed. Try again later.,이 검색을 완료할 수 없습니다. 잠시 후 다시 시도해 주세요.
"This site uses cookies for language preferences and analytics. Session cookies are only
            set when you log in.","이 사이트는 언어 설정 및 분석 목적으로 쿠키를 사용합니다. 세션 쿠키는
로그인할 때만 설정됩니다."
This table of contents was automatically created by the system.,이 목차는 시스템에 의해 자동으로 생성되었습니다.
this template,이 템플릿
This template is in use by existing entities and cannot be deleted.,이 템플릿은 기존 엔티티에서 사용 중이므로 삭제할 수 없습니다.
Thumbnail,썸네일
Time,시간
Time (UTC),시간 (UTC)
Timeline,연표
Timelinks,타임링크
Timestamp,타임스탬프
tips,팁
Title,제목
To,~에게
"To complete the account creation process, please create a password for your account",계정 생성을 마치려면 계정 비밀번호를 설정하십시오.
to view your authentication code and verify your identity.,코드 확인하고 인증하기
Today,오늘
Toggle relationship details,관계 세부 정보 표시/숨기기
Toggle timeline mode,타임라인 모드 전환
Tools,도구
total entities,총 엔티티 수
Total files,파일 총 개수
total files,파일 총 수
"Total files from main documents, supporting files and uploads","주요 문서, 보조 파일 및 업로드 파일의 총 개수"
Total imports,총 가져오기 수
total users,총 사용자 수
Train,훈련
Train model,모델 훈련
Train model description,머신러닝 모델 훈련에는 라벨이 지정된 데이터의 양과 작업의 난이도에 따라 몇 분에서 최대 몇 시간까지 걸릴 수 있습니다.
Training,훈련
Training model,훈련 모델
Training sample,훈련 데이터
Translate,번역
Translating,Translating
Translation,번역
Translations,번역
Translations imported.,번역본을 가져왔습니다.
Translations reset successfully,번역이 성공적으로 초기화되었습니다.
Translations saved,번역 저장 완료
Try a different search or clear filters.,다른 검색어를 입력하거나 필터를 해제해 보세요.
Turn off inline translation,인라인 번역 끄기
"Two categorical dimensions enable stacked bar charts (e.g. country with sex
              breakdown).","두 가지 범주형 차원을 사용하면 적층 막대 차트를 만들 수 있습니다(예: 국가별 성별
분포)."
Two-Factor Authentication,2단계 인증
Two-factor authentication enabled,2단계 인증이 활성화되었습니다.
Two-factor authentication failed.,2단계 인증에 실패했습니다.
Two-factor authentication secret,2단계 인증 비밀번호
Two-factor verification failed,이중 인증 절차 실패
Two-step verification,이중 인증
Two-step verification token required,2단계 인증 토큰이 필요합니다
Type,유형
U,U
"Unable to save, failed response","저장할 수 없음, 응답 오류"
Unauthorized,권한 없음
Unexpected error,예기치 않은 오류
Uninstall,제거
Uninstall language,언어 제거
Uninstalling language,언어 제거
Unknown entity,알 수 없는 개체
Unknown template,알 수 없는 템플릿
Unlink,연결 해제
Unlock account,계정 잠금 해제
Unsaved changes,저장되지 않은 변경 사항
Unsupported OCR language,OCR 지원되지 않는 언어
Untitled,제목 없음
Untranslated Terms,번역되지 않은 용어
Update,업데이트
UPDATE,업데이트
Update from collection,컬렉션에서 업데이트
Update success,업데이트 성공
Updated,업데이트됨
Updated file,업데이트된 파일
Updated multiple entities,업데이트된 여러 엔티티
Updated permissions on entity,엔티티의 권한 업데이트
Updated relationships,관계 정보 업데이트
Updated settings,업데이트된 설정
Updated translations,업데이트된 번역본
Updated user,업데이트된 사용자
Updating template properties across,전체에서 템플릿 속성 업데이트
Updating…,업데이트 중…
Upload and select file,업로드 및 파일 선택
Upload from computer,컴퓨터에서 업로드
Upload image,이미지 업로드
Upload PDF,PDF 업로드
Upload PDF(s) to create,PDF 업로드해 엔티티 생성
Uploaded attachment,첨부 파일 업로드됨
Uploaded custom file,사용자 정의 파일 업로드됨
Uploaded document,업로드된 문서
Uploaded file,업로드된 파일
Uploading,업로드 중
Uploading ...,업로드 중
Uploads,업로드
URL,URL
Use,사용
Use as filter,필터로 사용
Use for training,훈련용으로 사용하십시오
"Use this iframe on external sites. Change the locale query parameter in the URL if
                needed.","이 iframe을 외부 사이트에서 사용하십시오. 필요한 경우
URL의 로케일 쿼리 매개변수를 변경하십시오."
Use URL,URL 사용
Used in templates and {n} refs — cannot delete,템플릿 및 {n} 개의 참조에 사용됨 — 삭제할 수 없음
Used in templates — cannot delete,템플릿에 사용 중 — 삭제할 수 없음
Used in {n} refs — cannot delete,{n}개의 참조에 사용 중 — 삭제할 수 없음
User,사용자
User Action,사용자 작업
User Role,사용자 역할
User updated,사용자가 업데이트되었습니다.
Username,사용자 이름
Username is required,사용자 이름이 필요합니다.
Username is too long,사용자 이름이 너무 깁니다.
Username is too short,사용자 이름이 너무 짧습니다.
"Username, email or group","사용자 이름, 이메일 또는 그룹"
Usernames cannot have spaces,사용자 이름에는 공백을 사용할 수 없습니다.
Users,사용자
Users & Groups,사용자 및 그룹
Using Authenticator,인증기 사용법
Using URLs,URL 사용
Uwazi,Uwazi
Uwazi Docs,Uwazi Docs
Uwazi is developed by,Uwazi 제작 및 개발:
Uwazi UI,Uwazi UI
Validating,검증
Validating file structure and headers.,파일 구조 및 헤더를 검증 중입니다.
Value,값
Value cannot be transformed to the correct type,값을 올바른 형식으로 변환할 수 없습니다.
values,값
"values are staged, not saved",값이 대기 중이며 저장되지 않았습니다.
Verify,검증
Verifying...,검증 중
via,~을 통해
View,보기
view,보기
View entities,엔티티 보기
View entity,엔티티 보기
View in library,라이브러리에서 보기
View page,페이지 보기
Visibility,가시성
Visualization data updated from your collection.,사용자 컬렉션의 시각화 데이터가 업데이트되었습니다.
WARNING,경고
Warning: you are editing multiple entities. Fields marked with a,경고: 여러 엔티티 동시에 편집
We can't find the page you're looking for.,찾으신 페이지를 찾을 수 없습니다.
Welcome to Uwazi,Uwazi 에 오신 것을 환영합니다.
"Well, this is awkward...",알 수 없는 에러 발생
"When enabled, visitors must accept or reject non-essential cookies before they are set.
    Analytics and language preference cookies are blocked until accepted.","이 기능이 활성화되면, 방문자는 필수적이지 않은 쿠키가 설정되기 전에 이를 수락하거나 거부해야 합니다.
    분석 및 언어 설정 쿠키는 수락될 때까지 차단됩니다."
Whitelisted templates,허용 목록에 등록된 템플릿
wildcard,와일드카드
wildcard (many chars),와일드카드 (여러 문자)
wildcard (one char),와일드카드 (1자)
"Will attempt to fill the container, using its entire width. In cards, cropping is likely to occur.","컨테이너의 전체 너비를 활용하여 내용을 채우도록 시도합니다. 카드의 경우, 내용이 잘릴 가능성이 높습니다."
will be updated with the same value.,동일 값으로 업데이트됩니다.
Will show the entire media inside the container.,컨테이너 내부의 미디어 전체를 표시합니다.
with,~와 함께
With great power comes great responsibility!,큰 일에는 큰 책임이 따르는 법!
wom?n,사?
x,x
x less,덜 보기
x more,더 보기
Year,연도
Yes,네
You can add one or many items in this form.,이 양식에서 하나 또는 여러 개의 항목을 추가할 수 있습니다.
You can also enter this secret key into your Authenticator app.,이 비밀 키를 인증기 앱에 입력할 수도 있습니다.
You can create metadata templates in,메타데이터 템플릿을 작성할 수 있습니다:
"You can embed advanced components like maps, charts and entity lists in your page.","페이지에 지도, 차트, 엔티티 목록과 같은 고급 구성 요소를 삽입할 수 있습니다."
You do not have write permission on all entities,모든 엔티티에 대해 쓰기 권한이 없습니다.
You have unsaved changes. Discard them? This action cannot be undone.,저장되지 않은 변경 사항이 있습니다. 변경 사항을 취소하시겠습니까? 이 작업은 되돌릴 수 없습니다.
You have unsaved changes. Do you want to continue?,저장하지 않은 변경 사항이 있습니다. 계속하시겠습니까?
You should activate this feature for enhanced account security,계정 보안 향상이 필요한 경우 이 기능을 활성화해야 합니다.
You should activate this feature for enhanced account security.,계정 보안을 강화하려면 이 기능을 활성화해야 합니다.
You won't be able to save an entity if this property is empty.,이 속성이 비어 있으면 엔티티를 저장할 수 없습니다.
You're all caught up,모든 알림을 확인했습니다
Your account's security is enhanced with two-factor authentication.,2단계 인증을 통해 귀하의 계정 보안이 강화됩니다.
Z → A,Z → A
Zoom in,확대
Zoom in library view,라이브러리 뷰 확대
Zoom out,축소
Zoom out library view,라이브러리 뷰 축소
