Key,Burmese
"""Costa Rica""",ကိုစတာရီကာ
"""the status""~5","""ဥပဒေရေးရာ အခြေအနေ""~၅"
*please keep this key secret and don't share it.,*ဒီသော့ကို လျှို့ဝှက်ထားပြီး မမျှဝေပါနှင့်။
+ Add data source,+ ဒေတာရင်းမြစ် ထည့်ပါ
+ Add filter,+ စစ်ထုတ်မှု ထည့်ပါ
+ click to select multiple cards.,+ ကတ်များစွာကိုရွေးရန်နှိပ်ပါ။
198?,၁၉၈?
2FA,နှစ်ဆလုံခြုံရေး
2FA Enabled,2FA ဖွင့်ထားသည်
A default template cannot be deleted.,မူလပုံစံကို ဖျက်၍ မရပါ။
A friendly hand for serious work — I'll act in the context shown above.,အရေးကြီးသော အလုပ်များအတွက် မိတ်ဆွေတစ်ဦးလို ကူညီပေးမည့်သူ — အထက်တွင် ပြထားသည့် အကြောင်းအရာအရ ကျွန်ုပ် လုပ်ဆောင်ပါမည်။
A generated ID will be the default title.,ထုတ်ပေးသည့် ID သည် ပုံသေမူလ ခေါင်းစဉ် ဖြစ်ပါမည်။
A source template must,အရင်းအမြစ်ပုံစံသည်
A target template needs to have the following properties,ပစ်မှတ်ပုံစံတစ်ခုတွင် အောက်ပါ အင်္ဂါရပ်များ ပါရှိရမည်။
A valid email is required,အီးမေးလ် လိုအပ်သည်
A → Z,A → Z
Accept,လက်ခံမည်
Accept all,အားလုံးကိုလက်ခံပါ
Accepted suggestion on entity,အဖွဲ့အစည်းဆိုင်ရာ အကြံပြုချက်ကို လက်ခံပါသည်။
Accepting suggestions,အကြံပြုချက်များကို လက်ခံနေပါသည်
Accessibility checks need attention,ဝင်ရောက်နိုင်မှု စစ်ဆေးမှုများတွင် အာရုံစိုက်ရန် လိုအပ်သည်။
Account,အကောင့်
Account locked,အကောင့်ပိတ်ထားသည်
Account unlocked successfully,အကောင့်ကို အောင်မြင်စွာ ဖွင့်လှစ်ပြီးပါပြီ။
Account updated,အကောင့်ကို အပ်ဒိတ်လုပ်ပြီးပါပြီ။
Accuracy,တိကျမှန်ကန်မှု
Accuracy tooltip,တိကျမှန်ကန်မှုကို သတ်မှတ်ထားသော နမူနာများအား လုပ်ဆောင်ပြီးနောက် မှန်ကန်သည့် နမူနာများနှင့် မမှန်ကန်သည့် နမူနာများ၏ အရေအတွက်အချိုးဖြင့် သတ်မှတ်သည်။
Action,လုပ်ဆောင်ချက်
Actions,လုပ်ဆောင်ချက်များ
Activate,ဖွင့်ပါ
Activated,ဖွင့်ထားသည်
Active filters,လက်ရှိ အသုံးပြုနေသော စစ်ထုတ်မှုများ
Active languages,အသုံးပြုနေသော ဘာသာစကားများ
Active primary,လက်ရှိ အဓိက
Activity,လုပ်ဆောင်မှု
Activity log,လုပ်ဆောင်မှု မှတ်တမ်း
Activity Log,လုပ်ဆောင်မှု မှတ်တမ်း
Add,ထည့်ရန်
Add / remove favorite,အကြိုက်ဆုံးကို ထည့်ရန် / ဖယ်ရှားရန်
Add a type below.,အောက်တွင် အမျိုးအစားတစ်ခု ထည့်ပါ။
Add an account to the app by scanning the provided QR code with your mobile device or by inserting the provided key.,အက်ပ်တွင် ပေးထားသော QR ကုဒ်ကို မိုဘိုင်းစက်ဖြင့် စကင်ခြင်းဖြင့် သို့မဟုတ် ပေးထားသော key ကို ထည့်သွင်းခြင်းဖြင့် အကောင့်တစ်ခု ထည့်ပါ။
Add as,အဖြစ်ထည့်ပါ
Add data source,ဒေတာရင်းမြစ် ထည့်ပါ
Add date,ရက်စွဲ ထည့်ရန်
Add entities / documents,ဖြည့်သွင်းချက်များ / စာရွက်စာတမ်းများ ထည့်ရန်
Add entity,အဖွဲ့အစည်းထည့်ပါ
Add entity type,အဖွဲ့အစည်းအမျိုးအစား ထည့်ပါ
Add Extractor,ထုတ်ယူသူထည့်ပါ
Add extractor,ထုတ်ယူသူထည့်ပါ
Add file,ဖိုင် ထည့်ရန်
Add from URL,url မှ ထည့်ရန်
Add from web,ဝက်ဘ်မှ ထည့်ရန်
Add group,အုပ်စု ထည့်ရန်
add icon,အိုင်ကွန် ထည့်ရန်
Add icon,အိုင်ကွန်ထည့်ပါ
Add item,ပစ္စည်းထည့်ပါ
Add link,လင့်ခ် ထည့်ရန်
Add or remove relationship types for this collection.,ဤစုစည်းမှုအတွက် ဆက်နွယ်မှုအမျိုးအစားများကို ထည့် သို့မဟုတ် ဖယ်ရှားပါ။
Add page,စာမျက်နှာ ထည့်ရန်
Add PDF,PDF ထည့်ပါ
Add people or groups,လူများ သို့မဟုတ် အုပ်စုများ ထည့်ရန်
Add property,ပိုင်ဆိုင်မှု ထည့်ပါ
Add relationship,ဆက်နွယ်မှု ထည့်ပါ
Add relationship type,ဆက်နွယ်မှုအမျိုးအစား ထည့်ပါ
Add template,ပုံစံပြား ထည့်ရန်
Add thesaurus,ဝေါဟာရပဒေသာကျမ်း ထည့်ရန်
Add thesaurus value,အဓိပ္ပာယ်တူစာရင်းတန်ဖိုးထည့်ပါ
Add timelink,timelink ထည့်ပါ
Add to all languages,ဘာသာစကားအားလုံး သို့ ထည့်ရန်
Add to table of contents,မာတိကာသို့ ထည့်ရန်
Add to ToC,အကြောင်းအရာဇယားသို့ ထည့်ပါ
Add to training set,လေ့ကျင့်မှုအစုသို့ ထည့်ပါ
Add translation,ဘာသာပြန်ချက်ထည့်ပါ
Add user,အသုံးပြုသူထည့်ရန်
add value,တန်ဖိုး ထည့်ပါ
Add/delete users and assign roles,အသုံးပြုသူများကို ထည့်/ဖျက်ပြီး တာဝန်များ သတ်မှတ်ရန်
Add/edit translations,ဘာသာပြန်ဆိုမှုများကို ထည့်ရန်/တည်းဖြတ်ရန်
Added language,ထည့်သွင်းထားသော ဘာသာစကား
Added new user,အသုံးပြုသူအသစ် ထည့်သွင်းခဲ့သည်။
"Added relation type ""{name}""","ဆက်နွယ်မှုအမျိုးအစား ""{name}"" ကို ထည့်သွင်းခဲ့သည်။"
added to hub with the following errors:,အောက်ပါအမှားများဖြင့် hub သို့ ထည့်သွင်းခဲ့သည်။
added to hub.,hub သို့ ထည့်သွင်းခဲ့သည်။
Adding a group and its items.,အုပ်စုတစ်ခုနှင့် ၎င်း၏ ပစ္စည်းများကို ထည့်ခြင်း။
Adding items to the thesauri,အဓိပ္ပာယ်တူစာရင်းများတွင် ပစ္စည်းများ ထည့်သွင်းခြင်း
Adjust a few colors; secondary text and muted backgrounds update automatically.,အရောင်အနည်းငယ်ကို ချိန်ညှိလိုက်ပါ၊ ဒုတိယစာသားနှင့် နူးညံ့သက်သောင့်သက်သာသော နောက်ခံများသည် အလိုအလျောက် ပြောင်းလဲသွားပါမည်။
Admin,အက်မင်
Administrators and Editors,အက်မင်များနှင့် အယ်ဒီတာများ
Administrators and Editors always have edit access,အုပ်ချုပ်သူများနှင့် တည်းဖြတ်သူများသည် အမြဲတမ်း တည်းဖြတ်ခွင့် ရှိသည်။
Admins,အုပ်ချုပ်သူများ
Advanced colors,အဆင့်မြင့်အရောင်များ
Advanced ECharts overrides,အဆင့်မြင့် ECharts အစားထိုးခြင်းများ
ALL,အားလုံး
All,အားလုံး
"All changes will be lost, are you sure you want to proceed?",အပြောင်းအလဲအားလုံးကို ဆုံးရှုံးပါမည်၊ ရှေ့ဆက်လိုသည်မှာ သေချာပါသလား။
All data,ဒေတာအားလုံး
All editing options will be disabled.,တည်းဖြတ်ခြင်းရွေးချယ်စရာများအားလုံးကို ပိတ်ထားမည်။
All of the paragraphs will be deleted,အပိုဒ်အားလုံး ဖျက်ပစ်မည်။
All of the previously created paragraphs will be deleted and recreated after the process.,ယခင်ဖန်တီးထားသော အပိုဒ်အားလုံးကို လုပ်ငန်းစဉ်ပြီးဆုံးပြီးနောက် ဖျက်ပြီး ပြန်လည်ဖန်တီးမည်။
Allow captcha bypass,Captcha ကျော်ခွင့်ပြုပါ
Allow public embedding without login,ဝင်ရောက်ခြင်းမလိုဘဲ အများပြည်သူထည့်သွင်းခွင့်ပြုပါ။
Already exists,ယခင်ကတည်းက ရှိပြီးသား
Already the same value.,ယခင်ကတည်းက တူညီသော တန်ဖိုးဖြစ်သည်။
Amount,ပမာဏ
An admin needs to add relationship types before you can create a relationship.,ဆက်နွယ်မှုတစ်ခုကို ဖန်တီးနိုင်ရန် မတိုင်မီ အုပ်ချုပ်သူသည် ဆက်နွယ်မှုအမျိုးအစားများကို ထည့်သွင်းရမည်။
An error has occured while deleting a language:,ဘာသာစကား ဖျက်နေစဉ် အမှားတစ်ခု ဖြစ်ပေါ်ခဲ့သည် -
An error has occured while installing languages:,ဘာသာစကားများ တပ်ဆင်စဉ် အမှားတစ်ခု ဖြစ်ပေါ်ခဲ့သည် -
An error has occurred,အမှားတစ်ခု ဖြစ်ပေါ်ခဲ့သည်။
An error has occurred during data export,ဒေတာထုတ်ပို့စဉ်တွင် အမှားတစ်ခု ဖြစ်ပေါ်ခဲ့သည်။
An error has occurred while installing languages:,ဘာသာစကားများ တပ်ဆင်နေစဉ် အမှားတစ်ခု ဖြစ်ပေါ်ခဲ့သည် -
An error has occurred while uninstalling a language:,ဘာသာစကားတစ်ခုကို ဖျက်ထုတ်စဉ်တွင် အမှားတစ်ခု ဖြစ်ပေါ်ခဲ့သည် -
An error occurred,အမှားတစ်ခု ဖြစ်ပေါ်ခဲ့သည်။
Analytics,ခွဲခြမ်းစိတ်ဖြာခြင်း
Analytics description,သင့်စုဆောင်းမှုလည်ပတ်မှုဆိုင်ရာ ခွဲခြမ်းစိတ်ဖြာချက်များကို လိုက်လံကြည့်ရှုလိုပါက၊ Uwazi သည် Google Analytics နှင့် Matomo နှစ်ခုလုံးကို ထောက်ပံ့ပေးပါသည်။
AND OR NOT,AND OR NOT
Any,မည်သည့်
Any entity,မည်သည့်အဖွဲ့အစည်းမဆို
any single character,မည်သည့် တစ်လုံးတည်းသော အက္ခရာမဆို
Any type,မည်သည့်အမျိုးအစားမဆို
Anyone can see this entity,မည်သူမဆို ဤအရာကို မြင်နိုင်သည်။
Appearance,ပုံသဏ္ဍာန်
Apply,အသုံးချပါ
Are you sure you want to continue?,ဆက်လက်လုပ်ဆောင်ချင်ပါသလား?
Are you sure you want to delete,ဖျက်ရန် သေချာပါသလား
"Are you sure you want to delete the selected visualizations? This action cannot be
              undone.",ရွေးထားသော မြင်ကွင်းများကို ဖျက်လိုပါသလား? ဤ လုပ်ဆောင်ချက်ကို ပြန်လည် မလုပ်နိုင်ပါ။
Are you sure you want to delete this attachment?,ဤပူးတွဲဖိုင်ကို ဖျက်လိုပါသလား?
Are you sure you want to delete this connection?,ဤချိတ်ဆက်မှုကို ဖျက်လိုပါသလား?
Are you sure you want to delete this entity?,ဤအရာကို ဖျက်ရန် သေချာပါသလား?
Are you sure you want to delete this file?,ဤဖိုင်ကို ဖျက်လိုပါသလား?
Are you sure you want to delete this item?,ဤအရာကို ဖျက်လိုပါသလား?
Are you sure you want to delete this relationship? This action cannot be undone.,ဤဆက်နွယ်မှုကို ဖျက်လိုပါသလား? ဤလုပ်ဆောင်ချက်ကို ပြန်မလုပ်နိုင်ပါ။
Are you sure you want to delete this visualization? This action cannot be undone.,ဤမြင်ကွင်းကို ဖျက်လိုပါသလား? ဤလုပ်ဆောင်ချက်ကို ပြန်မလုပ်နိုင်ပါ။
Are you sure?,သေချာပါသလား?
Ask Bert,Bert ကိုမေးပါ
Attachment,ပူးတွဲစာရွက်
Attachment deleted,ပူးတွဲဖိုင် ဖျက်သွားပါပြီ။
Attachment renamed,ပူးတွဲဖိုင် အမည်ပြောင်းထားသည်။
Attachment uploaded,ပူးတွဲဖိုင် တင်ပြီးပါပြီ။
Attachments,တွဲချိတ်မှုများ
Authentication code,စစ်မှန်ကြောင်း အတည်ပြုကုဒ်
Auto,Auto
auto created,အလိုအလျောက် ဖန်တီးထားသည်
Auto-accept suggestions,အကြံပြုချက်များကို အလိုအလျောက် လက်ခံပါ
auto-created,အော်တို ဖန်တီးထားသော
Auto-translate,Auto-translate
Automatic Table of Contents,အလိုအလျောက် မာတိကာ
Automatically generated,အလိုအလျောက် ထုတ်လုပ်ထားသည်
Available default translation,ရရှိနိုင်သည့် မူလဘာသာပြန်ဆိုချက်
Back,နောက်သို့
Back to,ပြန်သွားရန်
Back to details,အသေးစိတ်သို့ ပြန်သွား
Back to search,ရှာဖွေမှုသို့ ပြန်သွားရန်
Bad Request,မမှန်ကန်သော တောင်းဆိုချက်
Basic,အခြေခံ
Bert,Bert
Bidirectional,နှစ်ဖက်ဆိုင်သော
Body,စာကိုယ်
boolean,ဘူလီယန်
Browse files to upload,အပ်လုဒ်လုပ်ရန် ဖိုင်များကို ရှာဖွေပါ
"by ids, methods, keywords, etc.",identifier များ၊ နည်းလမ်းများ၊ သော့ချက်စာလုံးများ စသည်ဖြင့်
By logging in you accept the essential session cookie required to stay signed in.,ဝင်ရောက်ခြင်းဖြင့် သင်သည် လော့ဂ်အင်အခြေအနေကို ထိန်းသိမ်းရန် လိုအပ်သော အရေးကြီးသော စက်ဆက်ကွတ်ကီးကို သဘောတူလက်ခံပါသည်။
Can edit,တည်းဖြတ်နိုင်သည်
Can see,မြင်နိုင်သည်
Can view,ကြည့်နိုင်သည်
Cancel,ပယ်ဖျက်ရန်
cancel csv import,တင်သွင်းလုပ်ငန်းစဉ်ကို ဖျက်သိမ်းပါ။ ဤသည်က အဖွဲ့အစည်းအသစ်များ ဖန်တီးခြင်းကို ရပ်တန့်စေပါမည်။ ယခင်က ဖန်တီးပြီးသား အဖွဲ့အစည်းများတွင် သက်ရောက်မှု မရှိပါ။
Canceling,ဖျက်ခြင်း
Canceling...,ဖျက်နေသည်...
Cancelled,ဖျက်သိမ်းပြီး
Cannot connect to server,ဆာဗာနှင့် ချိတ်ဆက်၍ မရပါ။
Cannot find extractor,ထုတ်ယူသူကို မတွေ့နိုင်ပါ။
Captcha,ကက်ပ်ချာ
Captcha bypass,"ဤရွေးချယ်မှုကို ဖွင့်ထားခြင်းဖြင့် CAPTCHA ဖြည့်ရန် မလိုဘဲ အသုံးပြုသူများအား သင့်အဖြူစာရင်းဝင် ပုံစံများသို့ တင်သွင်းခွင့် ပြုနိုင်ပါသည်။
ဖောင်သည် နောက်ဆုံးအသုံးပြုသူများအား captcha ကို ဆက်လက် ပြသနေမည်ဖြစ်သော်လည်း၊ ""Bypass-Captcha: true"" ဟူသော header ကို ပေးပို့ပါက API end-point သည် CAPTCHA အတည်ပြုချက် မပါဘဲ တင်သွင်းမှုများကို ခွင့်ပြုပါမည်။ ဤရွေးချယ်မှုသည် လုံခြုံမှု မရှိသဖြင့် သင့် instance ကို spam သို့မဟုတ် အန္တရာယ်ရှိသော အကြောင်းအရာများဖြင့် ဖြိုခွင်းရန် အသုံးချနိုင်ပါသည်။"
Cards,ကတ်များ
Cards view,ကတ်မြင်ကွင်း
Category,အမျိုးအစား
Change,ပြောင်းပါ
Change Password,စကားဝှက်ပြောင်းပါ
Changes in the thesaurus will impact all the entities using these values.,အဓိပ္ပာယ်တူစာရင်းတွင် ပြုလုပ်သော ပြောင်းလဲမှုများသည် ဤတန်ဖိုးများကို အသုံးပြုနေသော အဖွဲ့အစည်းအားလုံးကို ထိခိုက်သက်ရောက်စေမည်။
Changing the type will erase all relationships to this entity.,အမျိုးအစားကို ပြောင်းလဲခြင်းဖြင့် ဤအရာနှင့် ဆက်စပ်နေသည့် ဆက်နွယ်မှုအားလုံးကို ဖျက်ပစ်မည်။
Character support description,"ဤရွေးချယ်မှုသည် သင့်စုစည်းမှု၏ မူလဘာသာစကားများအဖြစ် လက်တင်မဟုတ်သော ဘာသာစကားများအတွက် ထောက်ပံ့မှုကို မြှင့်တင်ပေးပါသည်။
ဤရွေးချယ်မှုကို ရွေးချယ်ခြင်းဖြင့် ပုံစံ ပိုင်ဆိုင်မှုများ အားလုံးကို အလိုအလျောက် အပ်ဒိတ်လုပ်ပါမည်။ ဤလုပ်ငန်းစဉ်သည် မိနစ်အနည်းငယ် ကြာနိုင်ပါသည်။ ဤရွေးချယ်မှုကို ရွေးချယ်ခြင်းသည် စာကြည့်တိုက် စစ်ထုတ်မှုများ၏ URL များကို ပြောင်းလဲစေနိုင်ပါသည်။ ထို့ကြောင့် ထို URL များကို အသုံးပြုထားသည့် မီနူးများ သို့မဟုတ် လင့်ခ်များ ရှိပါက ၎င်းတို့သည် အလုပ်မလုပ်တော့နိုင်ပါ။
သင်သည် ၎င်းတို့ကို ကိုယ်တိုင် အပ်ဒိတ်လုပ်ရန် လိုအပ်ပါမည်။ ဤရွေးချယ်မှုကို ရွေးချယ်ပြီးနောက် ရှေးရိုးပိုင်ဆိုင်မှု အမည်ပေးစနစ်သို့ ပြန်လည်အသုံးပြု၍ မရတော့ပါ။ သင့်ပုံစံ ပိုင်ဆိုင်မှု အမည်များတွင် ပြဿနာ မရှိပါက ၎င်းကို ရွေးချယ်ခြင်း မပြုရန် အကြံပြုပါသည်။"
Character support process warning,ဤလုပ်ငန်းစဉ်သည် မိနစ်အနည်းငယ်ကြာနိုင်ပြီး library filters များ၏ URL များကို ပြောင်းလဲနိုင်ပါသည်။ ထို URL များကို အသုံးပြုထားသော မီနူးများ သို့မဟုတ် လင့်ခ်များ ရှိပါက အပ်ဒိတ်ပြီးနောက် မလည်ပတ်တော့နိုင်ပါသည်။ ထို URL များကို ကိုယ်တိုင် ပြန်လည်အပ်ဒိတ်လုပ်ရန် လိုအပ်ပါသည်။
Character support revert warning,ဤရွေးချယ်မှုကိုရွေးချယ်ပြီးနောက် သင်သည် အဟောင်းပိုင်ဆိုင်မှုအမည်ပေးနည်းသို့ ပြန်လည်အသုံးပြု၍ မရတော့ပါ။ သင့်ပုံစံပိုင်ဆိုင်မှုအမည်များတွင် ပြဿနာမရှိပါက ဤရွေးချယ်မှုကို မရွေးထားဘဲ ထားရန် ကျွန်ုပ်တို့ အကြံပြုပါသည်။
Chart,ဂရပ်ဇယား
Chart options,ဂရပ်ဇယားရွေးချယ်စရာများ
Chart theme,ဂရပ်ဇယားအသွင်အပြင်
Chart type,ဂရပ်ဇယားအမျိုးအစား
Chart type uses a custom view,ဂရပ်ဇယားအမျိုးအစားသည် စိတ်ကြိုက်မြင်ကွင်းကို အသုံးပြုသည်။
Check to make this instance public (non-logged in users can see public documents and entities),ဤအင်စတန့်ကို အများပြည်သူကြည့်ရှုနိုင်အောင် သတ်မှတ်ထားသည်ကို စစ်ဆေးပါ (ဝင်ရောက်ထားခြင်းမရှိသော အသုံးပြုသူများသည် အများပြည်သူစာရွက်စာတမ်းများနှင့် အဖွဲ့အစည်းများကို ကြည့်ရှုနိုင်ပါသည်)
Checking which images fit the requirements,လိုအပ်ချက်များနှင့် ကိုက်ညီသည့် ပုံများကို စစ်ဆေးနေပါသည်။
Choose,ရွေးပါ
Choose relation type,ဆက်နွယ်မှုအမျိုးအစားကိုရွေးပါ
Choose which data to use for training,လေ့ကျင့်ရန် အသုံးပြုမည့် ဒေတာကို ရွေးပါ။
Chrome header,ခရိုမ် ခေါင်းစီး
Clear,ရှင်းပါ
Clear all,အားလုံး ရှင်းပါ
Clear All,အားလုံး ရှင်းပါ
Clear all filters,စစ်ထုတ်မှုအားလုံး ရှင်းပါ
Clear coordinates,ကိုဩဒိနိတ်များကို ရှင်းလင်းရန်
Clear Filters,စစ်ထုတ်မှုများကို ရှင်းလင်းရန်
Clear PDF selection,ရွေးချယ်ထားသော PDF ရှင်းပါ
Clear search,ရှာဖွေမှုကို ရှင်းပါ
Click,နှိပ်ပါ
Click to fill,ဖြည့်ရန် နှိပ်ပါ
Click to select an image,ပုံတစ်ပုံရွေးရန် နှိပ်ပါ
Click to select audio or video,အသံ သို့မဟုတ် ဗီဒီယိုကို ရွေးရန် နှိပ်ပါ
Click to select files,ဖိုင်များရွေးရန် နှိပ်ပါ
Close,ပိတ်ရန်
Code,ကုဒ်
Collaborator,ပူးပေါင်းဆောင်ရွက်သူ
Collaborators,ပူးပေါင်းဆောင်ရွက်သူများ
Collapse all,အားလုံးကို ပိတ်
Collapse All,အားလုံးကို ပိတ်
Collection,စုစည်းမှု
Collection Name,စုစည်းမှုအမည်
Colors,အရောင်များ
Colors come from the server data layer. Preview shows assigned bucket colors when available.,အရောင်များသည် ဆာဗာဒေတာအလွှာမှ ရရှိသည်။ Preview သည် ရနိုင်ပါက သတ်မှတ်ထားသော bucket အရောင်များကို ပြသသည်။
Columns,ကော်လံများ
combine or exclude terms,စကားလုံးများကို ပေါင်းစပ် သို့မဟုတ် ထုတ်ပယ်
Comfortable,သက်တောင့်သက်သာ
Common sources,အထွေထွေ ရင်းမြစ်များ
Compact,သိပ်သည်းသော
Completed,ပြီးစီးပြီးပါပြီ
Completed with errors,အမှားများပါဝင်ပြီး ပြီးစီးထားသည်။
Config,ပြင်ဆင်ချက်များ
Configuration,ပြင်ဆင်မှု
Configure filters,စစ်ထုတ်မှုများကို ချိန်ညှိပါ
Configure templates,ပုံစံများကို ပြင်ဆင်ပါ။
Confirm,အတည်ပြုရန်
CONFIRM,အတည်ပြုရန်
Confirm action,လုပ်ဆောင်ချက်အတည်ပြုပါ
Confirm delete connection,ချိတ်ဆက်မှု ဖျက်ခြင်းကို အတည်ပြုပါ။
Confirm delete multiple items,ရွေးချယ်ထားသော အရာအားလုံးကို ဖျက်ရန် သေချာပါသလား?
Confirm deletion,ဖျက်ရန် အတည်ပြုပါ
Confirm deletion of,ဖျက်ပစ်ခြင်းကို အတည်ပြုပါ
Confirm deletion of entity,အဖွဲ့အစည်းကို ဖျက်ပစ်ခြင်းကို အတည်ပြုပါ။
Confirm deletion of file,ဖိုင်ကို ဖျက်ခြင်းကို အတည်ပြုပါ။
Confirm new password,စကားဝှက်အသစ်ကို အတည်ပြုပါ
Confirm your password,သင့်စကားဝှက်ကိုအတည်ပြုပါ
Connect to a paragraph,စာပိုဒ်နှင့် ချိတ်ဆက်ရန်
Connect to an entity,အဖွဲ့အစည်းတစ်ခုနှင့် ချိတ်ဆက်ပါ။
Connect to entity,အဖွဲ့အစည်းနှင့် ချိတ်ဆက်ပါ။
Connected entities,ချိတ်ဆက်ထားသော အဖွဲ့အစည်းများ
Connected to server,ဆာဗာနှင့် ချိတ်ဆက်ထားသည်
Connection type,ချိတ်ဆက်မှု အမျိုးအစား
Contact email description,ဒီမှာ သင်သည် ဆက်သွယ်ရန် အီးမေးလ်နှင့် Uwazi က အသုံးပြုသူအား အသိပေးစာ ပို့သည့်အခါ ပြသမည့် အီးမေးလ်ကို စိတ်ကြိုက် သတ်မှတ်နိုင်ပါသည်။
Contact Form,ဆက်သွယ်ရန် ဖောင်
Contact form email,ဆက်သွယ်ရန် ဖောင် အီးမေးလ်
Contains,ပါဝင်သည်
Content translations,အကြောင်းအရာ ဘာသာပြန်ချက်များ
Context,အကြောင်းအရာ
Continue,ဆက်လက်ပါ
Conversion failed,ပြောင်းလဲခြင်း မအောင်မြင်ပါ
Cookie preferences,ကွတ်ကီး ရွေးချယ်မှုများ
Copied,ကူးယူပြီးပါပြီ
Copied to clipboard,ကလစ်ဘုတ်သို့ မိတ္တူကူးထားသည်။
Copy,ကူးယူ
Copy From,ဤမှ ကူးပါ
Copy from,ဤမှ ကူးပါ
Copy from this entity,ဤအဖွဲ့အစည်းမှ ကူးယူပါ
Copy from...,မှ ကူးယူပါ…
Copy Highlighted,အရောင်ခြယ်ထားသည်ကို ကူးပါ
Copy link,လင့်ခ်ကို ကူးပါ
Copy properties to this entity from,ဤဖြည့်သွင်းချက်သို့ ထူးခြားချက်များကို ဤမှ ကူးပါ
Copy to clipboard,ကလစ်ဘုတ်သို့ ကူးယူရန်
Could not add media. Please try again.,မီဒီယာထည့်သွင်း၍ မရပါ။ ထပ်မံကြိုးစားပါ။
Could not be processed,ဆောင်ရွက်၍ မရနိုင်ခဲ့ပါ
Could not create entity,အဖွဲ့အစည်း ဖန်တီး၍ မရနိုင်ခဲ့ပါ
Could not detect the area for the selected text,ရွေးထားသော စာသားအတွက် နယ်ပယ်ကို မတွေ့နိုင်ပါ၊ ထပ်မံရွေးချယ်ကြည့်ပါ။
Could not load suggestions.,အကြံပြုချက်များ မတင်နိုင်ပါ။
Could not reach server. Please try again later.,ဆာဗာကို မရောက်နိုင်ပါ။ နောက်ပိုင်း ပြန်ကြိုးစားပါ။
Count,ရေတွက်
Create,ဖန်တီးရန်
CREATE,ဖန်တီးရန်
Create a type to continue.,ဆက်လက်ရန် အမျိုးအစားတစ်ခု ဖန်တီးပါ။
Create and edit thesauri,အဓိပ္ပာယ်တူစာရင်းများ ဖန်တီးခြင်းနှင့် တည်းဖြတ်ခြင်း
Create Connection,ချိတ်ဆက်မှု ဖန်တီးပါ
Create entity,ပါဝင်သည့်အရာ ဖန်တီးရန်
Create Entity,ပါဝင်သည့်အရာ ဖန်တီးရန်
Create Extractor,ထုတ်ယူသူ ဖန်တီးပါ
Create new entities and upload documents,အဖွဲ့အစည်းအသစ်များ ဖန်တီးပြီး စာရွက်စာတမ်းများ တင်ပါ။
Create new entity from selection,ရွေးချယ်မှုမှ အသစ်အဖွဲ့အစည်း ဖန်တီးပါ။
Create Reference,ရည်ညွှန်းချက် ဖန်တီးပါ
Create relationship,ဆက်နွယ်မှု ဖန်တီးပါ
Create relationship types,ဆက်နွယ်မှုအမျိုးအစားများ ဖန်တီးပါ။
Create relationships and references,ဆက်နွယ်မှုများနှင့် ကိုးကားချက်များ ဖန်တီးပါ။
Create table of contents,အကြောင်းအရာဇယား ဖန်တီးပါ
Create visualization,မြင်ကွင်းဖန်တီးပါ
Created,ဖန်တီးခဲ့သည်
Created entity,ဖန်တီးထားသော အဖွဲ့အစည်း
Created entity coming from a public form,အများပြည်သူအသုံးပြုနိုင်သော ဖောင်မှ ဖန်တီးထားသော အဖွဲ့အစည်း
Created page,စာမျက်နှာ ဖန်တီးခဲ့သည်။
Created relation type,ဆက်နွယ်မှုအမျိုးအစား ဖန်တီးခဲ့သည်။
Created relationship,ဆက်နွယ်မှု ဖန်တီးခဲ့သည်
Created template,ပုံစံ ဖန်တီးခဲ့သည်။
Created thesaurus,အဓိပ္ပာယ်တူစာရင်း ဖန်တီးခဲ့သည်။
Created user group,အသုံးပြုသူအုပ်စုကို ဖန်တီးခဲ့သည်။
Creating entities,အဖွဲ့အစည်းများ ဖန်တီးခြင်း
Creating relationships,ဆက်နွယ်မှုများ ဖန်တီးခြင်း
Creating thesauri,အဓိပ္ပာယ်တူစာရင်းများ ဖန်တီးခြင်း
Creation date,ဖန်တီးသည့်ရက်စွဲ
CSS,CSS
csv blank state message,CSV သို့မဟုတ် ZIP ဖိုင်များကို တစ်ပြိုင်နက်အများကြီး အဖွဲ့အစည်းများ ဖန်တီးရန် အပ်လိုဒ်လုပ်ပါ။ စတင်ရန် **+ Import CSV** ကို ရွေးပါ။
CSV Import,CSV တင်သွင်းခြင်း
CSV import cancelled,CSV တင်သွင်းခြင်း ဖျက်သိမ်းခဲ့သည်။
CSV import completed,CSV တင်သွင်းမှု ပြီးစီးပါပြီ။
CSV import failed,CSV တင်သွင်းမှု မအောင်မြင်ပါ။
CSV or ZIP up to 50MB,CSV သို့မဟုတ် ZIP၊ အများဆုံး 50MB
Ctrl K,Ctrl K
Current Value/Suggestion,လက်ရှိတန်ဖိုး/အကြံပြုချက်
"Custom colors are not available for this chart type. Use the chart palette or template
            colors instead.",ဒီဂရပ်ဇယားအမျိုးအစားအတွက် စိတ်ကြိုက်အရောင်များ မရနိုင်ပါ။ ဂရပ်ဇယားအရောင်ပလက်တေး သို့မဟုတ် ပုံစံအရောင်များကို အသုံးပြုပါ။
Custom component error,စိတ်ကြိုက် အစိတ်အပိုင်း markup အမှား- မထောက်ပံ့သော တန်ဖိုးများ! သင့်ဖွဲ့စည်းပုံကို စစ်ဆေးပါ
Custom CSS,စိတ်ကြိုက် CSS
Custom Favicon,စိတ်ကြိုက် ဖာဗစ်ကွန်
Custom JS,စိတ်ကြိုက် JavaScript
Custom landing page,စိတ်ကြိုက် လန်ဒင်း စာမျက်နှာ
custom page error warning,ဤ စိတ်ကြိုက် စာမျက်နှာတွင် မမျှော်လင့်ထားသော အမှားတစ်ခု ဖြစ်နေပါသည်။ မှန်ကန်စွာ အလုပ်မလုပ်နိုင်ပါက ဖြစ်နိုင်ပါသည်။ အသေးစိတ်အတွက် အုပ်ချုပ်သူထံ ဆက်သွယ်ပါ။
Custom Uploads,စိတ်ကြိုက် အပ်လုဒ်များ
Customize,စိတ်ကြိုက်ပြင်ဆင်
Customized,စိတ်ကြိုက်ပြင်ဆင်ထားသော
Dark,မှောင်
Dark Theme,အမှောင် အသွင်အပြင်
Dashboard,ဒက်ရှ်ဘုတ်
Data may be outdated.,ဒေတာများသည် အဟောင်းဖြစ်နေနိုင်သည်။
Data source,ဒေတာရင်းမြစ်
Data sources,ဒေတာရင်းမြစ်များ
Data visualizations,ဒေတာမြင်ကွင်းများ
Data was updated recently. You can refresh again in a few seconds.,ဒေတာကို မကြာသေးမီက အပ်ဒိတ်လုပ်ပြီးပါပြီ။ အနည်းငယ် စက္ကန့်အတွင်း ထပ်မံ ပြန်လည်အသစ်ပြုနိုင်ပါသည်။
Date,ရက်စွဲ
Date added,ဒေတာ ထည့်ပြီး
Date modified,ရက်စွဲ ပြင်ဆင်ပြီး
"Date or numeric × numeric enables scatter and heatmap. Line, area, and bar plot the
                measure over the primary dimension (e.g. max engine size per registration date).",ရက်စွဲ သို့မဟုတ် ဂဏန်း × ဂဏန်းသည် scatter နှင့် heatmap ကို အသုံးပြုခွင့်ပြုသည်။ Line၊ area နှင့် bar များသည် အဓိက အတိုင်းအတာပေါ်တွင် တိုင်းတာချက်ကို ဖော်ပြသည် (ဥပမာ – မှတ်ပုံတင်ရက်စွဲအလိုက် အင်ဂျင်အရွယ်အစား အများဆုံး)။
"Date or numeric × select enables line and area charts with one line per breakdown
                value over time.",Date သို့မဟုတ် နံပါတ် × ရွေးချယ်ခြင်းသည် အချိန်အလိုက် တစ်ခုချင်းစီ ခွဲခြားချက်တန်ဖိုးအတွက် တစ်ကြောင်းစီပါဝင်သည့် လိုင်းနှင့် ဒေသဂရပ်ဇယားများကို ဖွင့်ပေးသည်။
Date range,ရက်စွဲအကွာအဝေး
Day,နေ့
"Deep-merged onto the generated ECharts option. Use for fine-tuning options not exposed in
          the Chart tab.",ထုတ်လုပ်ထားသော ECharts ရွေးချယ်စရာပေါ်တွင် နက်ရှိုင်းစွာ ပေါင်းစည်းထားသည်။ Chart တက်ဘ်တွင် မမြင်သာသေးသော ရွေးချယ်စရာများကို တိကျစွာ ချိန်ညှိရန် အသုံးပြုပါ။
Default,မူလတန်ဖိုး
Default date format,မူလ ရက်စွဲ ဖော်မတ်
Default filter,မူလ စစ်ထုတ်စနစ်
Default language,မူလဘာသာစကား
Default language change success,ပုံသေမူလ ဘာသာစကား ပြောင်းလဲမှု အောင်မြင်ပါသည်
Default template,ပုံသေမူလ ပုံစံပြား
Default template set successfully.,မူလပုံစံကို အောင်မြင်စွာ သတ်မှတ်ပြီးပါပြီ။
Default View,မူလ ပြသမှု
Delete,ဖျက်ရန်
DELETE,ဖျက်ရန်
Delete entities and documents,အဖွဲ့အစည်းများနှင့် စာရွက်စာတမ်းများကို ဖျက်ပစ်ပါ။
Delete file,ဖိုင်ကို ဖျက်ပါ
Delete relationship,ဆက်နွယ်မှု ဖျက်ရန်
Delete relationships,ဆက်နွယ်မှုများကို ဖျက်ရန်
Delete?,ဖျက်မလား?
Deleted attachment,ဖျက်ထားသော ပူးတွဲဖိုင်
Deleted custom file,ဖျက်ထားသော စိတ်ကြိုက်ဖိုင်
Deleted entity,ဖျက်ထားသော အဖွဲ့အစည်း
Deleted file,ဖျက်ထားသော ဖိုင်
Deleted multiple entities,ဖျက်ထားသော အဖွဲ့အစည်းများစွာ
Deleted page,ဖျက်ထားသော စာမျက်နှာ
Deleted relation type,ဖျက်ထားသော ဆက်နွယ်မှု အမျိုးအစား
Deleted relationship,ဖျက်ထားသော ဆက်နွယ်မှု
Deleted successfully.,အောင်မြင်စွာ ဖျက်လိုက်ပါပြီ။
Deleted template,ဖျက်ထားသော ပုံစံ
Deleted thesaurus,ဖျက်ထားသော အဓိပ္ပာယ်တူစာရင်း
Deleted user,ဖျက်ထားသော အသုံးပြုသူ
Deleted user group,ဖျက်ထားသော အသုံးပြုသူအုပ်စု
Deletion success,ဖျက်ခြင်းအောင်မြင်ပါပြီ
Density,သိပ်သည်းမှု
Description,ဖော်ပြချက်
Deselect all,အားလုံးကိုရွေးချယ်ခြင်းဖျက်ရန်
Details,အသေးစိတ်အချက်အလက်များ
Direction,ဦးတည်ချက်
Disable,ပိတ်
Disable highlights,အထူးအမှတ်အသားများကို ပိတ်ပါ။
Disabled 2FA,2FA ကို ပိတ်ထားသည်
Discard,ပယ်ပစ်
Discard changes,အပြောင်းအလဲများကို ပယ်ရန်
Discard changes?,ပြောင်းလဲမှုများကို ဖယ်ရှားမလား?
Dismiss,ဖယ်ရှား
Display entity view from page,စာမျက်နှာမှ ဖြည့်သွင်းချက် မြင်ကွင်းကို ပြသရန်
Display options,ပြသရွေးချယ်စရာများ
Do you want disable 2FA for the following users?,အောက်ပါ အသုံးပြုသူများအတွက် 2FA ကို ပိတ်ချင်ပါသလား?
Do you want reset the password for the following users?,အောက်ပါ အသုံးပြုသူများအတွက် စကားဝှက်ကို ပြန်လည်သတ်မှတ်လိုပါသလား?
Do you want to delete the following items?,အောက်ပါ အရာများကို ဖျက်လိုပါသလား?
Document,စာရွက်စာတမ်း
Document contents,စာရွက်စာတမ်း မာတိကာ
Document OCR trigger,စာရွက်စာတမ်း OCR Trigger လုပ်ဆောင်ချက်
Document Title,စာရွက်စာတမ်း ခေါင်းစဉ်
Document updated,စာရွက်စာတမ်းကို အပ်ဒိတ်လုပ်ထားသည်။
Documentation,စာရွက်စာတမ်း
documents,စာရွက်စာတမ်းများ
Documents,စာရွက်စာတမ်းများ
documents.,စာရွက်စာတမ်းများ။
Done,ပြီးပြီ
Done creating entities,အဖွဲ့အစည်းများ ဖန်တီးခြင်း ပြီးစီးပါပြီ။
Done creating relationships,ဆက်နွယ်မှုများ ဖန်တီးခြင်း ပြီးစီးပါပြီ။
Done creating thesauri,အဓိပ္ပာယ်တူစာရင်းများ ဖန်တီးခြင်း ပြီးစီးပါပြီ။
Done extracting files,ဖိုင်များ ထုတ်ယူပြီးပါပြီ။
Done scanning,စကင်လုပ်ပြီးပါပြီ
Download,ဒေါင်းလုဒ်လုပ်ရန်
Download a third-party authenticator app from your mobile store.,သင့်မိုဘိုင်းစတိုးမှ တတိယပါတီ အတည်ပြုအက်ပ်ကို ဒေါင်းလုဒ်ဆွဲပါ။
Download all,အားလုံးကို ဒေါင်းလုဒ်လုပ်ပါ
Download failed rows,ဒေါင်းလုဒ် မအောင်မြင်သော အတန်းများ
Draft restored from release.,ထုတ်လွှင့်မှုမှ ပြန်လည်ထူထောင်ထားသော မူကြမ်း။
Drag and drop file in this window to upload,အပ်လုဒ်လုပ်ရန် ဖိုင်ကို ဤဝင်းဒိုးထဲသို့ ဆွဲချပါ
Drag row,အတန်းကို ဆွဲရန်
Drop your files here to upload or,သင့်ဖိုင်များကို အပ်လုဒ်လုပ်ရန် ဒီနေရာတွင် ချပါ သို့မဟုတ်
Duplicate values not allowed.,တန်ဖိုးတူများကို ခွင့်မပြုပါ။
Duplicated email,ပွားထားသော အီးမေးလ်
Duplicated name,ပွားထားသော အမည်
Duplicated username,ပွားထားသော အသုံးပြုသူအမည်
Duration,ကြာမြင့်ချိန်
e.g.,ဥပမာအားဖြင့်
Each series uses the template brand color when comparing data sources.,စီးရီးတိုင်းသည် ဒေတာရင်းမြစ်များကို နှိုင်းယှဉ်သည့်အခါ တင်ပုံစံအမှတ်တံဆိပ်အရောင်ကို အသုံးပြုသည်။
Earlier,ယခင်က
Edit,တည်းဖြတ်ရန်
Edit at source,အရင်းအမြစ်တွင် တည်းဖြတ်ပါ
Edit date,ရက်စွဲ ပြင်ဆင်ပြီး
Edit Extractor,ထုတ်ယူသူကို တည်းဖြတ်ပါ
Edit File,ဖိုင် တည်းဖြတ်
Edit group,အုပ်စုကို တည်းဖြတ်ပါ
Edit item,ပစ္စည်း တည်းဖြတ်ရန်
Edit metadata of entities,အဖွဲ့အစည်းများ၏ မက်တာဒေတာကို တည်းဖြတ်ပါ။
Edit theme,အသွင်အပြင် တည်းဖြတ်ရန်
Edit user,အသုံးပြုသူကို တည်းဖြတ်ပါ
Edited,ပြင်ဆင်ပြီး
Editor,အယ်ဒီတာ
editor,အယ်ဒီတာ
Editors,အယ်ဒီတာများ
Email,အီးမေးလ်
Embed,ထည့်သွင်း
Embed in pages,စာမျက်နှာများတွင် ထည့်သွင်းရန်
Empty,ဗလာ
Empty group. Drop here to add,အုပ်စုမရှိပါ။ ထည့်ရန် ဒီမှာ ဆွဲချပါ။
empty property tip,ဤဂုဏ်သတ္တိသည် ဗလာဖြစ်နေပါက အဖွဲ့အစည်းကို သိမ်းဆည်း၍ မရနိုင်ပါ။
Enable,ဖွင့်ရန်
Enable public embedding to use this chart in external sites on private instances.,ပုဂ္ဂလိက အင်စတန်စ်များတွင် ပြင်ပဆိုဒ်များ၌ ဤဂရပ်ဇယားကို ထည့်သွင်းအသုံးပြုနိုင်ရန် အများပြည်သူ ထည့်သွင်းခွင့်ကို ဖွင့်ပါ။
Enable this page to be used as an entity view page:,ဖြည့်သွင်းချက် ကြည့်ရန်အတွက် စာမျက်နှာအဖြစ် သုံးရန် ဤစာမျက်နှာကို ဖွင့်ထားပါ-
Enter the 6-digit verification code generated by your Authenticator app,သင့် Authenticator အက်ပ်မှ ထုတ်ပေးထားသော ၆ လုံးပါ အတည်ပြုကုဒ်ကို ထည့်ပါ။
"Enter the full username, email, or group name. Suggestions are not shown.",အသုံးပြုသူအမည်၊ အီးမေးလ် သို့မဟုတ် အုပ်စုအမည်ကို အပြည့်အစုံ ထည့်ပါ။ အကြံပြုချက်များ မပြသပါ။
Enter your current password to confirm,အတည်ပြုရန် သင့်လက်ရှိ စကားဝှက်ကို ထည့်ပါ။
Entities,ဖြည့်သွင်းချက်များ
entities,ဖြည့်သွင်းချက်များ
Entities across all languages,ဘာသာစကားအားလုံးရှိ အဖွဲ့အစည်းများ
Entities created,အဖွဲ့အစည်းများ ဖန်တီးခဲ့သည်။
Entities updated,အဖွဲ့အစည်းများ အပ်ဒိတ်လုပ်ပြီးပါပြီ။
entities · generated,အဖွဲ့အစည်းများ · ထုတ်လုပ်ထားသော
Entity,ဖြည့်သွင်းချက်
Entity creation stage completed.,အဖွဲ့အစည်းဖန်တီးခြင်းအဆင့်ပြီးစီးပါပြီ။
Entity deleted,အဖွဲ့အစည်း ဖျက်သွားပါပြီ။
Entity Page,အဖွဲ့အစည်းစာမျက်နှာ
Entity saved,အဖွဲ့အစည်း သိမ်းဆည်းပြီးပါပြီ။
Entity scope,အဖွဲ့အစည်း၏ အကျယ်အဝန်း
Entity type,အဖွဲ့အစည်းအမျိုးအစား
Entity types,ဖြည့်သွင်းချက် အမျိုးအစားများ
Entity updated,အဖွဲ့အစည်းကို အပ်ဒိတ်လုပ်ခဲ့သည်။
Error,ချွတ်ယွင်းချက်
Error adding thesauri.,အဓိပ္ပာယ်တူစာရင်းများ ထည့်သွင်းရာတွင် အမှားဖြစ်ပါသည်။
Error loading your image,သင့်ပုံကို တင်နေစဉ် အမှားဖြစ်နေပါသည်။
Error saving template.,ပုံစံ သိမ်းဆည်းရာတွင် အမှားဖြစ်နေသည်။
Error updating thesauri.,အဓိပ္ပာယ်တူစာရင်းများကို အပ်ဒိတ်လုပ်ရာတွင် အမှားဖြစ်နေသည်။
Every language has a value — use the re-translate button on a row,Every language has a value — use the re-translate button on a row
evidence,သက်သေ
exact phrase,တိကျသော စကားစု
Expand all,အားလုံးကို တိုးချဲ့ပြရန်
Expand All,အားလုံးကို တိုးချဲ့ပြရန်
Export CSV,CSV တင်ပို့ရန်
Exporting entities to CSV,ဖြည့်သွင်းချက်များကို CSV သို့ တင်ပို့နေသည်
Extension Token,တိုးချဲ့တိုကင်
External embed,ပြင်ပထည့်သွင်းခြင်း
Extract new paragraphs,အပိုဒ်အသစ်များကို ထုတ်ယူပါ။
Extract paragraphs,အပိုဒ်များကို ထုတ်ယူပါ
Extracting files,ဖိုင်များ ထုတ်ယူခြင်း
Extracting files from uploaded package.,တင်ထားသော ပက်ကေ့ဂျ်မှ ဖိုင်များကို ထုတ်ယူခြင်း။
Extraction configuration,ထုတ်ယူမှု ဖွဲ့စည်းမှု
Extractor Name,ထုတ်ယူသူအမည်
Extractor name,ထုတ်ယူသူအမည်
Extractor/s deleted,ထုတ်ယူသူ(များ) ဖျက်သွားပါပြီ။
Extractors,ထုတ်ယူသူများ
Failed,မအောင်မြင်ခဲ့ပါ
Failed to mark table of contents as reviewed,အကြောင်းအရာဇယားကို ပြန်လည်သုံးသပ်ပြီးကြောင်း မမှတ်သားနိုင်ခဲ့ပါ။
Failed to save table of contents,အကြောင်းအရာဇယား သိမ်းဆည်းရန် မအောင်မြင်ပါ။
Failure details,ပျက်ကွက်မှုအသေးစိတ်
Favicon description,"Favicon ဆိုသည်မှာ သင့်စုစည်းမှုကို ဘရောက်ဇာ တက်ဘ်များနှင့် အမှတ်အသားများတွင် ကိုယ်စားပြုသည့် သေးငယ်သော အိုင်ကွန်တစ်ခုဖြစ်သည်။ မူလ favicon သည် Uwazi လိုဂိုဖြစ်သည်။ ကိုယ်ပိုင် favicon အသုံးပြုရန်:

၁။ လိုအပ်ပါက Custom Uploads တွင် သင့်အိုင်ကွန်ကို တင်ပါ။
၂။ ""Select favicon image"" ကိုနှိပ်ပြီး ဖိုင်တစ်ခုကိုရွေးချယ်ပါ (Custom Uploads မှပုံများသာ)။
၃။ စာမျက်နှာကို ပြန်လည်ဖွင့်၍ သင့် favicon အသုံးပြုနေမှုကို ကြည့်ရှုပါ။"
Favicon no images hint,Favicon အတွက် ပုံမရှိပါ၊ အကြံပြုချက်မရှိပါ။
FEATURED,အထူးတင်ဆက်ထားသော
File,ဖိုင်
file,ဖိုင်
File deleted,ဖိုင် ဖျက်သွားပါပြီ
File details,ဖိုင်အသေးစိတ်
File extraction completed successfully.,ဖိုင်ထုတ်ယူခြင်း အောင်မြင်စွာ ပြီးစီးပါပြီ။
File name,ဖိုင်အမည်
File preview unavailable,ဖိုင်ကြိုကြည့်ရှုခြင်း မရနိုင်ပါ။
File updated,ဖိုင်ကို အပ်ဒိတ်လုပ်ပြီးပါပြီ။
Files,ဖိုင်များ
files,ဖိုင်များ
Files and database usage,ဖိုင်များနှင့် ဒေတာဘေ့စ် အသုံးပြုမှု
Fill,ဖြည့်ရန်
Filter,စစ်ထုတ်
Filter unauthorized relationships,မူလအနေဖြင့် ကန့်သတ်ထားသော အဖွဲ့အစည်းများဆီသို့ ညွှန်ပြထားသည့် ဆက်နွယ်မှုများကို အမည်မသိအသုံးပြုသူများ မြင်နိုင်သော်လည်း ချိတ်ဆက်၍ မရပါ။ ဖွင့်ထားပါက ဤဆက်နွယ်မှုများအားလုံးကို လုံးဝ ဖျောက်ပစ်ကာ အများပြည်သူအသုံးပြုသူများအား ကန့်သတ်ထားသော အကြောင်းအရာ ရှိကြောင်း မသိစေရန် တားဆီးပေးသည်။
Filters,စစ်ထုတ်မှုများ
Filters AND operator,စစ်ထုတ်မှုများနှင့် အော်ပရေတာ
Filters configuration,စစ်ထုတ်မှုများ စနစ်ဖွဲ့စည်းမှု
Filters configuration description,မူလအနေဖြင့် အသုံးပြုသူများသည် သင် သတ်မှတ်ထားသည့် အမျိုးအစားများအပေါ် အခြေခံကာ စာကြည့်တိုက်ရှိ အဖွဲ့အစည်းများကို စစ်ထုတ်နိုင်ပါသည်။ သို့သော် ဤအဖွဲ့အစည်းအမျိုးအစားများကို မည်သို့ ပြသမည်ကို သင် စိတ်ကြိုက် ချိန်ညှိနိုင်ပါသည်။
Filters configuration example,"အောက်ရှိ ""အုပ်စု ထည့်ပါ"" ကို ရွေးချယ်ခြင်းဖြင့် စစ်ထုတ်မှုများကို အညွှန်းတစ်ခုအောက်တွင် အုပ်စုဖွဲ့နိုင်ပါသည် ဥပမာ (""စာရွက်စာတမ်းများ"" သို့မဟုတ် ""လူများ"")"
Filters OR operator,စစ်ထုတ်မှုများ သို့မဟုတ် အော်ပရေတာ
Filters saved,စစ်ထုတ်များ သိမ်းဆည်းပြီးပါပြီ။
Find,ရှာရန်
Find suggestions,အကြံပြုချက်များ ရှာဖွေပါ။
Find suggestions after training,လေ့ကျင့်မှုပြီးနောက် အကြံပြုချက်များကို ရှာပါ။
Find suggestions for,အတွက် အကြံပြုချက်များ ရှာပါ။
Find suggestions for selected,ရွေးချယ်ထားသောအတွက် အကြံပြုချက်များ ရှာပါ။
Finding suggestions,အကြံပြုချက်များ ရှာဖွေခြင်း
Fit,ကိုက်ညီသော
Flag,အလံ
for,အတွက်
For all entities,အဖွဲ့အစည်းအားလုံးအတွက်
For entities with blank values,တန်ဖိုးမရှိသေးသော အဖွဲ့အစည်းများအတွက်
Forgot Password or Username?,စကားဝှက် သို့မဟုတ် အသုံးပြုသူအမည် မေ့သွားပါသလား?
Forms and email configuration,ပုံစံများနှင့် အီးမေးလ် ဖွဲ့စည်းတည်ဆောက်ပုံ
From,မှ
From all suggestions,အကြံပြုချက်အားလုံးမှ
From previous step,ယခင်အဆင့်မှ
From selection,ရွေးချယ်မှုမှ
From:,မှ:
Full mode,ပြည့်စုံသော မုဒ်
Full width,အကျယ်ပြည့်
General,ယေဘုယျ
General access,အထွေထွေဝင်ရောက်ခွင့်
General Information,အထွေထွေ အချက်အလက်များ
Generated ID,ဖန်တီးထားသော ID
Global CSS,ကမ္ဘာသုံး CSS
Global CSS & JS,ကမ္ဘာလုံးဆိုင်ရာ CSS နှင့် JS
Global JS,ကမ္ဘာလုံးဆိုင်ရာ JS
Google,ဂူဂဲလ်
Google Analytics,ဂူဂဲလ် အန်လိယတစ်စ်
Google Maps,ဂူဂဲလ် မြေပုံ
Group,အုပ်စု
Group by,အုပ်စုခွဲခြင်းဖြင့်
group expressions,အုပ်စုဖော်ပြချက်များ
Group Options,အုပ်စုရွေးချယ်စရာများ
Group saved,အုပ်စု သိမ်းဆည်းပြီးပါပြီ။
Group updated,အုပ်စုကို အပ်ဒိတ်လုပ်ပြီးပါပြီ။
Grouped geolocation properties,အုပ်စုခွဲထားသော တည်နေရာသတ်မှတ်ခြင်းဆိုင်ရာ အင်္ဂါရပ်များ
Groups,အုပ်စုများ
Header and button preview,ခေါင်းစီးနှင့် ခလုတ် ကြိုကြည့်
Header bar active background,ခေါင်းစီးဘား လှုပ်ရှားနေသော နောက်ခံ
Header bar background,ခေါင်းစီးဘား နောက်ခံ
Header bar divider,ခေါင်းစီးဘား ခွဲခြားတံ
Header bar hover background,ခေါင်းစီးဘား hover နောက်ခံ
Header bar text,ခေါင်းစီးဘား စာသား
help,အကူအညီ
here,ဒီမှာ
"Hi, I'm Bert.",ဟိုင်း၊ ကျွန်တော် Bert ပါ။
Hide,ဖုံးကွယ်
Hide actions,လုပ်ဆောင်ချက်များကို ဖျောက်ရန်
Hide details,အသေးစိတ် ဖျောက်ရန်
Hide label,အမှတ်အသား ဖုံးကွယ်ပါ
Hide restricted relationships from public,ကန့်သတ်ထားသော ဆက်နွယ်မှုများကို အများပြည်သူထံမှ ဖျောက်ပါ။
Hide toolbar,ကိရိယာတန်းကို ဖျောက်ရန်
HTML,HTML
https://yourdomain,https://yourdomain
hub,hub
hubs,ဟတ်ဘ်များ
Hybrid,ပေါင်းစပ်
Icon,အိုင်ကွန်
ID,အိုင်ဒီ
ID:,အိုင်ဒီ:
"If an account exists with the email you provided, you will receive an email
                        with instructions to reset your password.",သင်ပေးထားသော အီးမေးလ်ဖြင့် အကောင့်တစ်ခု ရှိနေပါက၊ သင့်စကားဝှက် ပြန်လည်သတ်မှတ်ရန် လမ်းညွှန်ချက်များပါဝင်သည့် အီးမေးလ်ကို လက်ခံရရှိမည်ဖြစ်သည်။
"If it is an external URL, use a fully formed URL. Ie. http://www.uwazi.io.",ပြင်ပ URL ဖြစ်ပါက URL ပုံစံအပြည့်အစုံကို သုံးပါ။ ဥပမာ- http://www.uwazi.io။
"If you want to continue, please type",ဆက်လက်ဆောင်ရွက်လိုပါက ကျေးဇူးပြု၍ စာရိုက်ပါ
Image doesn't match the required size.,ပုံသည် လိုအပ်သည့် အရွယ်အစားနှင့် မကိုက်ညီပါ။
Import,ထည့်သွင်းရန်
Import / Export CSV,CSV တင်သွင်းခြင်း/ပို့ခြင်း
Import asset,Asset တင်သွင်းပါ
Import CSV,CSV ထည့်သွင်းရန်
Import failed. Review details below.,တင်သွင်းမှု မအောင်မြင်ပါ။ အောက်တွင် အသေးစိတ်ကို ကြည့်ပါ။
Import finished successfully.,တင်သွင်းမှု အောင်မြင်စွာ ပြီးဆုံးခဲ့သည်။
Import finished with errors. Review details below.,အချက်အလက် တင်သွင်းခြင်းကို အမှားများကြောင့် ပြီးဆုံးခဲ့သည်။ အောက်တွင် အသေးစိတ်ကို ကြည့်ပါ။
Import is currently processing rows.,Import သည် လက်ရှိတွင် အတန်းများကို ဆောင်ရွက်နေပါသည်။
Import is retrying after an error.,အမှားတစ်ခုဖြစ်ပြီးနောက် တင်သွင်းခြင်းကို ထပ်မံကြိုးပမ်းနေပါသည်။
Import theme instance file,အသွင်အပြင် instance ဖိုင်ကို တင်သွင်းပါ။
Import was cancelled.,တင်သွင်းခြင်းကို ဖျက်သိမ်းခဲ့သည်။
Imported translations from file,ဖိုင်မှ တင်သွင်းထားသော ဘာသာပြန်ချက်များ
in,၌
"In a group, either all relationships must have a hub or none of them.",အုပ်စုတစ်ခုတွင် ဆက်နွယ်မှုအားလုံးတွင် hub တစ်ခုရှိရမည် သို့မဟုတ် တစ်ခုမှမရှိရမည်။
In OCR queue,OCR စောင့်ဆိုင်းနေသည်
In use,အသုံးပြုနေသည်
Include all entities,အဖွဲ့အစည်းအားလုံးကို ထည့်ပါ။
Include only public,အများပြည်သူအတွက်သာ ထည့်ပါ။
Incoming,ဝင်လာမည့်
Info,အချက်အလက်
Information extraction training,အချက်အလက်ထုတ်ယူခြင်း လေ့ကျင့်ရေး
Inherit,အမွေခံ
Inherit property,ဂုဏ်သတ္တိကို အမွေဆက်ခံရန်
Inherit type,အမျိုးအစားကို အမွေခံခြင်း
"Inherited values are read-only. Change the connection above, or edit the source entity.",အမွေဆက်ခံထားသော တန်ဖိုးများသည် ဖတ်ရန်သာဖြစ်သည်။ အထက်ပါ ချိတ်ဆက်မှုကို ပြောင်းလဲပါ၊ သို့မဟုတ် မူလအဖွဲ့အစည်းကို တည်းဖြတ်ပါ။
inherits,အမွေခံသည်
Input,ထည့်သွင်း
Input type,ထည့်သွင်းမှု အမျိုးအစား
Install,တပ်ဆင်
Install Language(s),ဘာသာစကားများ တပ်ဆင်ခြင်း
Install the browser extension.,ဘရောက်ဇာ အက်ဆင်ရှင်းကို တပ်ဆင်ပါ။
Installing languages,ဘာသာစကားများ တပ်ဆင်ခြင်း
"Instructions on how to achieve this will vary according to the app used, please refer to the app's documentation.",ဤအရာကို မည်သို့ ပြုလုပ်ရမည်ဆိုသည်မှာ အသုံးပြုသော အက်ပ်အပေါ် မူတည်၍ ကွဲပြားပါမည်၊ အက်ပ်၏ လက်စွဲစာတမ်းကို ကိုးကားပါ။
Instructions to reset password,ပေးထားသော အီးမေးလ်လိပ်စာ မှန်ကန်ပါက၊ စကားဝှက် ပြန်လည်သတ်မှတ်ရန် ညွှန်ကြားချက်များကို ပို့ပေးပါမည်။
Instructions to reset the password were sent to the user,စကားဝှက် ပြန်လည်သတ်မှတ်ရန် ညွှန်ကြားချက်များကို အသုံးပြုသူထံ ပို့လိုက်ပါပြီ။
Invalid captcha,ကက်ပ်ချာ မှားနေသည်
Invalid csv: all the values for a row must be either nested or non-nested,မမှန်ကန်သော CSV: တစ်ကြောင်းအတွင်းရှိ တန်ဖိုးအားလုံးသည် nested သို့မဟုတ် non-nested တစ်ခုဖြစ်ရမည်။
Invalid csv: nested value need to be under a non-nested value,မမှန်ကန်သော CSV: ထပ်ထည့်ထားသော တန်ဖိုးသည် ထပ်ထည့်မထားသော တန်ဖိုးအောက်တွင် ရှိရမည်။
Invalid form,ထည့်သွင်းချက် လိုအပ်နေသည် သို့မဟုတ် မှားယွင်းသော တန်ဖိုး ပါဝင်နေသည်။ ပြင်ဆင်ပြီး ထပ်မံကြိုးစားပါ။
Invalid URL,မမှန်ကန်သော URL
It could also very easily break the app. Only write code here if you know exactly what you are doing.,၎င်းသည် အက်ပ်ကိုလည်း အလွန်လွယ်ကူစွာ ဖျက်နိုင်သည်။ သင်ဘာလုပ်နေသည်ကို သေချာသိမှသာ ဤနေရာတွင် ကုဒ်ရေးပါ။
it has been logged with request id #,တောင်းဆိုချက် ID # ဖြင့် မှတ်တမ်းတင်ထားပါသည်။
Item,ပစ္စည်း
Items:,ပါဝင်သည့်အရာများ-
Javascript,ဂျာဗာစကရစ်ပ်
juris*,ဥပဒေ*
key,သော့
Label,တံဆိပ် အမှတ်အသား
"Label date ""From""","ရက်စွဲ ""မှ"" တံဆိပ်တပ်ပါ"
"Label date ""to""","ရက်စွဲ ""သို့"" တံဆိပ်တပ်ပါ"
Labeled,အမှတ်တံဆိပ်တပ်ထားသော
Landing page,ရောက်ရှိမည့် စာမျက်နှာ
Landing page description,"လန်ဒင်းစာမျက်နှာသည် ဧည့်သည်များ သင့်စုစည်းမှုသို့ ရောက်ရှိလာသည့်အခါ ဦးစွာမြင်ရသော စာမျက်နှာဖြစ်သည်။ မူလ လန်ဒင်းစာမျက်နှာမှာ သင့်စုစည်းမှု၏ စာကြည့်တိုက် ဖြစ်ပါသည်။ ဤနေရာတွင် ၎င်း၏ relative URL ကို ထည့်သွင်းခြင်းဖြင့် မတူညီသော လန်ဒင်းစာမျက်နှာကို သတ်မှတ်နိုင်ပါသည်။ ဥပမာ-

စာမျက်နှာတစ်ခု- */page/dicxg0oagy3xgr7ixef80k9*
Uwazi ရှိ စစ်ထုတ်ထားသော မြင်ကွင်း- */library/?searchTerm=test*
အဖွဲ့အစည်းတစ်ခု- */entity/9htbkgpkyy7j5rk9*
စာရွက်စာတမ်းတစ်ခု- */document/4y9i99fadjp833di*

အရေးကြီးသည်- သင်သည် relative URL များကိုသာ အသုံးပြုရမည်ဖြစ်သည်။ ၎င်းတို့သည် ရှေ့သို့ ဆွဲထားသော အနားသတ် (/) ဖြင့် စတင်ပြီး ဒိုမိန်းအမည် မပါဝင်ပါ။ ဥပမာ- *https://yoursite.com/landingpage* ဟူသော လိပ်စာတွင် relative URL မှာ /landingpage ဖြစ်ပါသည်"
Language,ဘာသာစကား
Language Code,ဘာသာစကားကုဒ်
Language deleted,ဘာသာစကား ဖျက်ပြီး
Language reset success,ဘာသာစကား ပြန်လည်သတ်မှတ်ခြင်း အောင်မြင်ပါပြီ။
Language uninstalled successfully,ဘာသာစကားကို အောင်မြင်စွာ ဖယ်ရှားပြီးပါပြီ။
Language(s),ဘာသာစကား(များ)
Language:,ဘာသာစကား:
Languages,ဘာသာစကားများ
Languages installed successfully,ဘာသာစကားများ အောင်မြင်စွာ တပ်ဆင်ပြီးပါပြီ။
Last updated,နောက်ဆုံးအပ်ဒိတ်လုပ်ခဲ့သည်
Last updated from collection:,စုစည်းမှုမှ နောက်ဆုံးအပ်ဒိတ်လုပ်ထားသည်:
Latitude,လတ္တီကျု
Latitude must be between -90 and 90,လတ္တီတွဒ်သည် -90 နှင့် 90 ကြားတွင် ဖြစ်ရမည်။
Learn how to add and configure a contact form on a webpage.,ဝက်ဘ်ဆိုဒ်စာမျက်နှာပေါ်တွင် ဆက်သွယ်ရန် ဖောင်ကို ထည့်သွင်းခြင်းနှင့် စနစ်တကျ ပြင်ဆင်ခြင်း နည်းလမ်းများကို သင်ယူပါ။
Learn how to build your first collection,သင့်ပထမဆုံး စုစည်းမှုကို မည်သို့ တည်ဆောက်ရမည်ကို လေ့လာပါ။
Learn more,ပိုမိုလေ့လာရန်
Learn more about the components.,အစိတ်အပိုင်းများအကြောင်း ပိုမိုလေ့လာပါ။
Legend,ဒဏ္ဍာရီ
Lengthy reindex process,ကြာရှည်သော ပြန်လည်ညွှန်ပြခြင်းလုပ်ငန်းစဉ်
Library,စာကြည့်တိုက်
library list view,စာကြည့်တိုက် စာရင်း မြင်ကွင်း
library map view,စာကြည့်တိုက် မြေပုံ မြင်ကွင်း
library table view,စာကြည့်တိုက် ဇယား မြင်ကွင်း
Light,အလင်းရောင်
Light Theme,အလင်းရောင် အသွင်အပြင်
Link,လင့်ခ်
linked,ချိတ်ဆက်ထားသော
List,စာရင်း
List renders as a table. Use the options below to filter empty or zero values.,List ကို အတန်းပုံစံဖြင့် ပြသသည်။ အောက်ပါ ရွေးချယ်စရာများကို အသုံးပြု၍ အလွတ် သို့မဟုတ် သုည တန်ဖိုးများကို စစ်ထုတ်ပါ။
Live preview,တိုက်ရိုက်ကြိုကြည့်
Live translate,တိုက်ရိုက်ဘာသာပြန်
Load,တင်ပါ
Load example,ဥပမာတင်ပါ
Load more,ပိုမိုတင်ပါ
Loading,တင်နေသည်
Local time,ဒေသခံအချိန်
Login,လော့ဂ်အင်ဝင်ရန်
Login button,လော့ဂ်အင်ဝင်ရန် ခလုတ်
Login failed,လော့ဂ်အင်ဝင်၍ မရပါ
Logout,ထွက်ရန်
Longitude,လောင်ဂျီကျု
Longitude must be between -180 and 180,လောင်ဂျီတွဒ်သည် -180 နှင့် 180 ကြားတွင် ဖြစ်ရမည်။
Lookup help,ရှာဖွေရေးအကူအညီ
Lost connection to the server. Your changes may be lost,ဆာဗာနှင့် ချိတ်ဆက်မှု ပြတ်သွားပါသည်။ သင့်ပြင်ဆင်ချက်များ ပျောက်ဆုံးနိုင်ပါသည်။
low,နိမ့်သော
Machine translated — editing this row clears the marker,Machine translated — editing this row clears the marker
Manage relationship types,ဆက်နွယ်မှုအမျိုးအစားများကို စီမံခန့်ခွဲပါ။
Manage site settings and configuration,ဝက်ဘ်ဆိုက် ဆက်တင်များနှင့် စနစ်တည်ဆောက်ပုံကို စီမံခန့်ခွဲရန်
Manage types,အမျိုးအစားများကို စီမံခန့်ခွဲပါ
Manual data,လက်စွဲဒေတာ
Manually set a color,အရောင်ကို လက်ဖြင့် သတ်မှတ်ပါ
Map,မြေပုံ
Map api key,မြေပုံ API ကီး
Map API key,မြေပုံ API ကီး
Map api key tooltip,Mapbox သို့မဟုတ် Google Maps ကို အသုံးပြုရန် API key တစ်ခု လိုအပ်ပါသည်။
Map Layers,မြေပုံအလွှာများ
Map layers description,မြေပုံအလွှာများ ဖော်ပြချက်
Map Provider,မြေပုံ ပံ့ပိုးသူ
Map view,မြေပုံ မြင်ကွင်း
Mapbox,မက်ပ်ဘော့စ်
Mapping conflict error,"သင့်စုစည်းမှုကို ပြန်လည်ညွှန်ပြရန် လိုအပ်ပါသည်။ အကြောင်းရင်းမှာ ပုံစံတစ်ခု၏ ပိုင်ဆိုင်မှုတွင် ပြုလုပ်သော ပြောင်းလဲမှုများမှသည်
        အဖွဲ့အစည်းများတစ်လျှောက် ဖြည့်သွင်းရမည့် ကွင်းအသစ်များအထိ
        အမျိုးမျိုးရှိနိုင်ပါသည်။
        ဤလုပ်ငန်းစဉ်သည် သင့်စုစည်းမှုရှိ ဒေတာကို ထိခိုက်စေမည် မဟုတ်ပါ။
        ၎င်းသည် မိနစ်အနည်းငယ် ကြာနိုင်ပြီး သင့်စုစည်းမှု၏ အချို့ အစိတ်အပိုင်းများသည် စာကြည့်တိုက်တွင်
        ပြန်လည် မပေါ်ခင် အချိန်အနည်းငယ် ကြာနိုင်သော်လည်း၊ ဤသည်မှာ ယာယီသာဖြစ်ပါသည်။ ဆက်လက် လုပ်ဆောင်လိုပါသလား?"
Maps,မြေပုံများ
Mark as Reviewed,သုံးသပ်ပြီးဟု မှတ်ရန်
Mark as reviewed,သုံးသပ်ပြီးကြောင်း အမှတ်ပြုပါ
Markdown,အမှတ်အသား
"Markdown support in custom pages will be discontinued starting in 2027. Upgrade this page
          when its content no longer relies on Markdown syntax.",စိတ်ကြိုက်စာမျက်နှာများတွင် Markdown ထောက်ပံ့မှုကို ၂၀၂၇ ခုနှစ်မှစ၍ ရပ်ဆိုင်းမည်။ ဤစာမျက်နှာတွင် ပါဝင်သော အကြောင်းအရာများသည် Markdown syntax ပေါ် မူတည်မှု မရှိတော့သည့်အခါ အဆင့်မြှင့်ပါ။
marked and labeled,အမှတ်တံဆိပ်တပ်ထားပြီး၊ အမည်တပ်ထားပြီး
marked for training,လေ့ကျင့်ရေးအတွက် အမှတ်ပြုထားသည်
Marked for training + all labeled entries,လေ့ကျင့်ရေးအတွက် အမှတ်ထားထားသော + အမှတ်တံဆိပ်ထားသော မှတ်တမ်းများအားလုံး
Marked for training only,လေ့ကျင့်ရေးအတွက်သာ အမှတ်ပြုထားသည်။
Match,ကိုက်ညီခြင်း
match,ကိုက်ညီ
match verbatim,စာတိုင်းကို ကိုက်ညီစေ
matches,ကိုက်ညီမှုများ
"matches jurisdiction, jurists, jurisprudence",ဥပဒေရေးရာ လုပ်ပိုင်ခွင့်၊ ဥပဒေပညာရှင်၊ ဥပဒေဗေဒ တို့နှင့် ကိုက်ညီသည်
Matches show the passage and the page they are on.,ကိုက်ညီချက်များသည် ၎င်းတို့ ရှိနေသည့် အပိုဒ်နှင့် စာမျက်နှာကို ပြသသည်။
Matching,ကိုက်ညီခြင်း
matching,ကိုက်ညီသော
Matomo,မက်တိုမို
Members,အဖွဲ့ဝင်များ
Menu,မီနူး
Message,မက်ဆေ့ချ်
Message sent,မက်ဆေ့ခ်ျ ပို့ပြီးပါပြီ။
Metadata,မီတာဒေတာ
Metadata Extraction,မီတာဒေတာ ထုတ်ယူခြင်း
"Metric shows a single total count. Select Pie, Bar, or another chart type above to
            configure categories, labels, and slices. Use the Appearance tab for colors.",Metric သည် စုစုပေါင်းအရေအတွက် တစ်ခုတည်းကို ပြသသည်။ အမျိုးအစားများ၊ အမှတ်အသားများနှင့် ခွဲခြမ်းပိုင်းများကို စိတ်ကြိုက်ပြင်ဆင်ရန် အထက်တွင် Pie၊ Bar သို့မဟုတ် အခြားဂရပ်ဇယားအမျိုးအစားတစ်ခုကို ရွေးပါ။ အရောင်များအတွက် Appearance တက်ဘ်ကို အသုံးပြုပါ။
MIGRATE,ရွှေ့ပြောင်း
Minimum,အနည်းဆုံး
Mismatch,မကိုက်ညီခြင်း
mismatched passwords,စကားဝှက်များ မကိုက်ညီပါ။
mismatching,မကိုက်ညီခြင်း
Mixed access,ရောထားသော ဝင်ရောက်သုံးစွဲမှု
ML TOC,ML TOC
Modified,ပြင်ဆင်ထားသော
Month,လ
Months,လများ
More,ပိုမို
more,ပို
more options.,နောက်ထပ် ရွေးချယ်စရာများ။
More rows per screen; same type size,စာမျက်နှာတွင် တန်းပိုမိုပြသပြီး၊ စာလုံးအရွယ်အစား တူညီပါသည်
Multi-source mode,အရင်းအမြစ်များစွာ မုဒ်
Multiple date,တစ်ခုထက်ပိုသော ရက်စွဲ
Multiple date range,အချိန်ကာလအများအပြား
Multiple inherited properties warning ([property 1] affects [property 2]),အကျိုးသက်ရောက်သည်
Multiple matches found,ထပ်တူများစွာတွေ့ရှိခဲ့သည်
Multiple relationships edit description,ဤပိုင်ဆိုင်မှုကို ပြောင်းလဲခြင်းသည် ဤပုံစံရှိ အခြားပိုင်ဆိုင်မှုများအား ထိခိုက်စေမည်၊ အကြောင်းမှာ အားလုံးသည် တူညီသော ဖွဲ့စည်းမှုနှင့် ဆက်နွယ်နေကြသည်။
Multiple select,အများရွေးချယ်ခြင်း
Name,အမည်
Name is required,အမည် လိုအပ်သည်
Name is too long,အမည် ရှည်လွန်းသည်
Name is too short,အမည် တိုလွန်းသည်
Narrow down your searches,သင့်ရှာဖွေမှုများကို ချုံ့ပစ်ပါ
"Narrow entities before aggregation. With multiple sources, pick the property under the
        source alias so each filter applies only to that series.",ပေါင်းစည်းမပြုမီ အဖွဲ့အစည်းများကို ကန့်သတ်ပါ။ အရင်းအမြစ်များစွာရှိပါက source alias အောက်ရှိ ပိုင်ဆိုင်မှုကိုရွေး၍ စစ်ထုတ်မှု တစ်ခုချင်းစီကို ထိုစီးရီးအတွက်သာ သက်ဆိုင်အောင် သတ်မှတ်ပါ။
Narrow your search,သင့်ရှာဖွေမှုကို ချုံ့ပစ်ပါ
Navigate back,နောက်ပြန်သွားပါ
Navigation menu tool tip part 1,ဤဝက်ဘ်ဆိုဒ်အတွင်းရှိ URL ဖြစ်ပါက ပထမပိုင်းကို ဖျက်ရန် သေချာပါစေ။
Navigation menu tool tip part 2,စလိုက် (/) ဖြင့် စတင်သော ဆက်စပ် URL ကိုသာ ထားပြီး၊ ဥပမာ /some_url
New,အသစ်
New activity will show up here.,ဒီမှာ လှုပ်ရှားမှုအသစ်များ ပြသမည်။
New conversation,အသစ်သော စကားပြောဆိုမှု
New entity,ထည့်သွင်းချက်အသစ်
New group,အုပ်စုအသစ်
New language added,ဘာသာစကားအသစ် ထည့်ပြီး
New page,စာမျက်နှာအသစ်
New password,စကားဝှက်အသစ်
New primary doc,အသစ်သော အဓိကစာတမ်း
New relation type label…,ဆက်နွယ်မှုအမျိုးအစားအသစ် အမှတ်တံဆိပ်…
New relationship type,ဆက်နွယ်မှုအမျိုးအစားအသစ်
New relationships group,ဆက်နွှယ်မှုအသစ်များ အုပ်စု
New Relationships Migration,ဆက်နွယ်မှုအသစ်များ ရွှေ့ပြောင်းခြင်း
New user,အသုံးပြုသူအသစ်
Next,ရှေ့သို့
No,မရှိပါ
No attachments,တွဲချိတ်မှုများ မရှိပါ
No audio or video on this entity,ဤအရာတွင် အသံ သို့မဟုတ် ဗီဒီယို မရှိပါ။
No chart types match your search.,ဂရပ်ဇယားအမျိုးအစားများသည် သင့်ရှာဖွေမှုနှင့် မကိုက်ညီပါ။
No common filters,အသုံးများသော စစ်ထုတ်မှု မရှိပါ
No connected entities yet.,ယခုထိ ချိတ်ဆက်ထားသော အဖွဲ့အစည်းများ မရှိသေးပါ။
No Connections,ချိတ်ဆက်မှု မရှိပါ
No Connections description,ချိတ်ဆက်မှုများသည် ဤစာရွက်နှင့် အခြားစာရွက်များ၊ အဖွဲ့အစည်းများအကြား တိုက်ရိုက် ဆက်နွယ်မှုများဖြစ်သည်။
No context,အကြောင်းအရာမပါ
No CSVs yet,CSV များ မရှိသေးပါ။
No data,ဒေတာမရှိပါ
NO DATA AVAILABLE,ဒေတာ မရရှိနိုင်ပါ
No entities found,အဖွဲ့အစည်းများ မတွေ့ရှိပါ။
NO EXTRACTORS,ထုတ်ယူသူများ မရှိပါ
No files available,ဖိုင်များ မရရှိနိုင်ပါ
No files queued yet.,ဖိုင်များ မစီစဉ်ထားသေးပါ။
no filters for templates,အဖွဲ့အစည်းအမျိုးအစားများ ပေါင်းစပ်မှုတွင် တူညီသော စစ်ထုတ်စနစ် မရှိပါ။
No Group,အုပ်စုမရှိပါ
No icon / flag,အိုင်ကွန် / အလံ မရှိပါ
No images on this entity,ဤအရာတွင် ပုံများ မရှိပါ။
No items available,ရရှိနိုင်သည့် ပစ္စည်း မရှိပါ။
No Label,တံဆိပ် မရှိပါ
No label,အမှတ်တံဆိပ်မရှိ
No matches for,အတွက် ကိုက်ညီမှု မတွေ့ပါ။
No matches.,ကိုက်ညီမှု မတွေ့ပါ။
No matching entities.,ကိုက်ညီသည့် အဖွဲ့အစည်းများ မတွေ့ပါ။
No media selected,မီဒီယာ မရွေးထားပါ
No metadata for this entity yet.,ဤအရာအတွက် မက်တာဒေတာ မရှိသေးပါ။
No options,ရွေးချယ်စရာမရှိပါ
No options found,ရွေးချယ်စရာ မရှိပါ
No page,စာမျက်နှာမရှိပါ
No people or groups added yet,လူများ သို့မဟုတ် အုပ်စုများ မထည့်သေးပါ။
No primary documents,အဓိက စာရွက်စာတမ်းများ မရှိပါ။
No primary documents yet. Add a file to get started.,အဓိက စာရွက်စာတမ်းများ မရှိသေးပါ။ စတင်ရန် ဖိုင်တစ်ခု ထည့်ပါ။
No property,ဤအရာတွင် ဤပိုင်ဆိုင်မှု မရှိပါ
No References,ကိုးကားချက် မရှိပါ
No References description,ကိုးကားချက်များမှာ ဤစာရွက်စာတမ်း၏ အခြားစာရွက်စာတမ်းများနှင့် အဖွဲ့အစည်းများနှင့် ဆက်စပ်သော အပိုင်းများဖြစ်သည်။
No relationship types,ဆက်နွယ်မှုအမျိုးအစား မရှိပါ
No Relationships,ဆက်နွှယ်မှု မရှိပါ
No Relationships description,ဆက်နွယ်မှုများသည် အဖွဲ့အစည်းများအကြားရှိ ချိတ်ဆက်မှုများဖြစ်သည်။
No relationships found,ဆက်နွယ်မှု မတွေ့ရှိပါ။
No relationships to graph,Graph ပြရန် ဆက်နွယ်မှု မရှိပါ။
No releases yet,ထွက်ရှိသေးခြင်းမရှိပါ။
No results found,ရလဒ် မတွေ့ပါ
No supporting files yet. Add a file to get started.,ထောက်ခံဖိုင်များ မရှိသေးပါ။ စတင်ရန် ဖိုင်တစ်ခု ထည့်ပါ။
No table of contents,မာတိကာ မရှိပါ
No Table of contents,အကြောင်းအရာဇယား မရှိပါ
No table of contents description,"စာရွက်စာတမ်းရှိ စာသားကို ရွေးချယ်ပြီး ""အကြောင်းအရာဇယားသို့ ထည့်ပါ"" ခလုတ်ကို နှိပ်ခြင်းဖြင့် စတင်နိုင်ပါသည်။"
No templates available to add.,ထည့်ရန် ပုံစံများ မရှိပါ။
No text match,စာသား ကိုက်ညီမှု မရှိပါ
No text match description,ရလဒ်များ ရယူရန် ရှာဖွေရေးဘောက်စ်တွင် အခြား စာသားတစ်ခုခု ရိုက်ထည့်နိုင်သည်။
No timelinks added,အချိန်လင့်ခ်များ မထည့်သွင်းထားပါ။
No translation in,ဘာသာပြန်ချက် မရှိပါ။
No type,အမျိုးအစား မရှိပါ
No uploaded images fit the requirements,တင်ထားသော ပုံများတွင် ဤအရွယ်အစားလိုအပ်ချက်များနှင့် ကိုက်ညီသည့် ပုံ မရှိပါ။ ပုံအသစ် တင်ပါ သို့မဟုတ် ရှိပြီးသား ဖိုင်ကို အရွယ်ပြောင်းရန် တည်းဖြတ်ကိရိယာကို အသုံးပြုပါ။
No user or group found,အသုံးပြုသူ သို့မဟုတ် အုပ်စု မတွေ့ရှိပါ။
No valid target template available,အသုံးပြုနိုင်သော ပစ်မှတ်ပုံစံ မရှိပါ။
No value,တန်ဖိုးမရှိပါ
No Value,တန်ဖိုးမရှိပါ
No visualization data available.,မြင်ကွင်းဆိုင်ရာ ဒေတာ မရရှိနိုင်ပါ။
"No, cancel",မဟုတ်ဘူး၊ ပယ်ဖျက်ပါ
no-toc-description,"စာရွက်စာတမ်းထဲမှ စာသားကို ရွေးပြီး ""Add to ToC"" ခလုတ်ကို နှိပ်ခြင်းဖြင့် စတင်နိုင်ပါသည်။"
Non processed,မပြင်ဆင်ထားသော
Non-labeled,အမှတ်မတပ်ထားသော
Non-latin characters support,လက်တင်မဟုတ်သော အက္ခရာများအတွက် ထောက်ခံမှု
None,မရှိပါ
Normal view,ပုံမှန် မြင်ကွင်း
Not already been use as source template in another extractor,အခြား extractor တစ်ခုတွင် အရင်းအမြစ်ပုံစံအဖြစ် မသုံးထားသေးပါ။
Not already been use as target template,ပစ်မှတ်ပုံစံအဖြစ် မသုံးထားသေးပါ။
Not Found,မတွေ့ပါ
Nothing here yet.,ဒီမှာတော့ မရှိသေးပါဘူး။
Nothing selected,ရွေးချယ်ထားသောအရာမရှိပါ။
Notifications,အသိပေးချက်များ
Obsolete,အသုံးမပြုတော့သော
obsolete,အသုံးမပြုတော့သော
OCR,OCR
OCR button tip,ဤလုပ်ဆောင်ချက်သည် စာရွက်စာတမ်း၏ စာသားကို အသိအမှတ်ပြုရန် စာရွက်စာတမ်းကို ဆောင်ရွက်ပါမည်။ မူရင်းဖိုင်ကို ထောက်ခံဖိုင်တစ်ခုအဖြစ် ထည့်သွင်းပါမည်။
OCR completed,OCR ပြီးစီးပါပြီ။
OCR description tip 1,ဤသည် PDF စာရွက်စာတမ်းများအတွက် Optical Character Recognition (OCR) လုပ်ဆောင်ချက်ကို ဖွင့်ပေးမည်။ ဤဝန်ဆောင်မှုသည် စကင်ထားသော စာရွက်စာတမ်းများနှင့် ဓာတ်ပုံများကဲ့သို့ ပုံအတွင်းရှိ စာသားများကို အသိအမှတ်ပြုကာ စက်ဖတ်နိုင်သည့် စာသားဒေတာအဖြစ် ပြောင်းလဲပေးမည်။
OCR description tip 2,ဤကို ဖွင့်လိုက်ပါက အုပ်ချုပ်သူနှင့် တည်းဖြတ်သူ အသုံးပြုသူများသည် PDF စာရွက်စာတမ်းများကို OCR ဝန်ဆောင်မှုသို့ ပို့နိုင်မည်ဖြစ်သည်။
OCR error,OCR အမှား
OCR error tip,ဖော်မတ်မမှန်ကန်မှုကြောင့် OCR အင်ဂျင်သည် စာရွက်စာတမ်းကို ဖတ်ရှု၍ မရနိုင်ပါ။ နောက်ဆုံးအပ်ဒိတ်
OCR PDF,OCR PDF
of,၏
Ok,အိုကေ
OK,အိုကေ
On this entity,ဤအဖွဲ့အစည်းအပေါ်
one character,အက္ခရာတစ်လုံး
Only essential,မရှိမဖြစ် လိုအပ်သည်များသာ
"Only properties with the same name and configuration in every data source are available
            for both dimensions.",ဒေတာအရင်းအမြစ်တိုင်းတွင် အမည်နှင့် ဖွဲ့စည်းမှု တူညီသော ပိုင်ဆိုင်မှုများသာ နှစ်ဖက်ဒိုင်မင်ရှင်းများအတွက် ရရှိနိုင်ပါသည်။
Only published entities are counted.,ထုတ်ဝေထားသော အဖွဲ့အစည်းများသာ ရေတွက်ပါသည်။
"Only templates that are not used as source in any other extractor and are not
                selected as target in this extractor are available for selection.",အခြား extractor များတွင် အရင်းအမြစ်အဖြစ် မအသုံးပြုထားသေးသော နှင့် ဤ extractor တွင် ပစ်မှတ်အဖြစ် မရွေးချယ်ထားသေးသော ပုံစံများကိုသာ ရွေးချယ်နိုင်ပါသည်။
"Only templates with at least one rich text property and one numeric property are
                available for selection.",ရွေးချယ်ရန် ရနိုင်သော ပုံစံများမှာ အနည်းဆုံး rich text အင်္ဂါရပ် တစ်ခုနှင့် နံပါတ် အင်္ဂါရပ် တစ်ခု ပါရှိထားသည့် ပုံစံများသာ ဖြစ်သည်။
"Only the extractor will be deleted, all created entities will remain on the library.",extractor ကိုသာ ဖျက်မည်၊ ဖန်တီးထားသော အဖွဲ့အစည်းအားလုံးကို စာကြည့်တိုက်တွင် ဆက်လက်သိမ်းဆည်းထားမည်။
Open,ဖွင့်
Open entity,အဖွဲ့အစည်းကို ဖွင့်ပါ
Open group,အုပ်စုကို ဖွင့်ရန်
Open link,လင့်ခ်ဖွင့်ပါ
Open PDF,PDF ဖွင့်ပါ
Open the two-factor Authenticator app on your device,သင့်စက်ပေါ်ရှိ နှစ်ဆင့်ခံ Authenticator အက်ပ်ကို ဖွင့်ပါ
Options,ရွေးချယ်စရာများ
or,သို့မဟုတ်
or drag and drop here,သို့မဟုတ် ဒီမှာ ဆွဲပြီး ထားပါ။
or drop your files here.,သို့မဟုတ် သင့်ဖိုင်များကို ဒီမှာ ချပါ။
Or paste a URL,သို့မဟုတ် URL တစ်ခု ထည့်ပါ။
Order,အစဉ်
Other,အခြား
other,အခြား
Other users will be affected by this action!,ဤ လှုပ်ရှားမှုကြောင့် အခြားအသုံးပြုသူများ ထိခိုက်ခံရမည်။
Others,အခြားများ
Outgoing,ထွက်သွားမည့်
p.,စာမျက်နှာ
Page,စာမျက်နှာ
Page not found,စာမျက်နှာ မတွေ့ပါ
Page published successfully.,စာမျက်နှာကို အောင်မြင်စွာ ထုတ်ဝေခဲ့သည်။
Pages,စာမျက်နှာများ
Paragrap number extraction property (numeric),ပိုဒ်နံပါတ်ထုတ်ယူခြင်း ဂုဏ်သတ္တိ (ဂဏန်း)
Paragraph,ပိုဒ်
Paragraph Extraction,အပိုဒ်ထုတ်ယူခြင်း
Paragraph Extractor added,အပိုဒ်ထုတ်ယူသူ ထည့်သွင်းပြီးပါပြီ။
Paragraph text extraction property (rich text),ပိုဒ်စာသားထုတ်ယူခြင်း ဂုဏ်သတ္တိ (Rich Text)
Paragraphs,အပိုဒ်များ
Paragraphs deleted,ပိုဒ်များ ဖျက်ထားသည်။
parties,ပါဝင်သူများ
Password,စကားဝှက်
Password + 2fa,စကားဝှက် + 2FA
Password changed success,စကားဝှက်ပြောင်းလဲမှု အောင်မြင်ပါပြီ။
Password is too long,စကားဝှက် ရှည်လွန်းသည်
Passwords do not match,စကားဝှက်များ မကိုက်ညီပါ။
Paste an audio or video URL to use it as this property without uploading a file. Press Enter to apply.,ဖိုင်တင်မလုပ်ဘဲ ဤပိုင်ဆိုင်မှုအဖြစ် အသုံးပြုရန် အသံ သို့မဟုတ် ဗီဒီယို URL ကို ကူးထည့်ပါ။ အသုံးပြုရန် Enter ကို နှိပ်ပါ။
Paste an image URL to use it as this property without uploading a file. Press Enter to apply.,ပုံ URL ကို ကူးထည့်ပြီး ဖိုင်တင်စရာမလိုဘဲ ဤပိုင်ဆိုင်မှုအဖြစ် အသုံးပြုနိုင်ပါသည်။ လျှောက်ရန် Enter ကို နှိပ်ပါ။
Paste this tag in a page HTML. The chart uses the page language.,ဤ tag ကို စာမျက်နှာ၏ HTML တွင် ထည့်ပါ။ ဂရပ်ဇယားသည် စာမျက်နှာ၏ ဘာသာစကားကို အသုံးပြုသည်။
Paste URL,URL ကို ကူးထည့်ပါ
Paste URL here,ဤနေရာတွင် URL ထည့်ပါ
PDF,PDF
Pending,စောင့်ဆိုင်းနေဆဲ
People and groups,လူများနှင့်အုပ်စုများ
per page,တစ်စာမျက်နှာလျှင်
Permission,ခွင့်ပြုချက်
Permission level,ခွင့်ပြုအဆင့်
Permission on entities explicitly shared with the user,အသုံးပြုသူနှင့် အတိအလင်း မျှဝေထားသော ဖြည့်သွင်းချက်များအတွက် ခွင့်ပြုချက်
Permissions,ခွင့်ပြုချက်များ
Permissions updated,ခွင့်ပြုချက်များ အပ်ဒိတ်လုပ်ပြီးပါပြီ။
Pick a color,အရောင်တစ်ခုရွေးပါ
Pick another,နောက်တစ်ခု ရွေးပါ
Plain text,ရိုးရိုးစာသား
Please contact an admin for details.,ကျေးဇူးပြု၍ အသေးစိတ်များ သိရန် အက်မင်ကို ဆက်သွယ်ပါ။
Please type in,ကျေးဇူးပြု၍ ရိုက်ထည့်ပါ။
Please type in letters and numbers from the image to start the export.,ကျေးဇူးပြု၍ တင်ပို့မှုကို စတင်ရန် ရုပ်ပုံမှ စာလုံးများနှင့် ဂဏန်းများကို ရိုက်ထည့်ပါ။
Pre-filled from your selection. Edit as needed.,သင်ရွေးချယ်ထားသည့်အတိုင်း ကြိုဖြည့်ထားပါသည်။ လိုအပ်သလို တည်းဖြတ်နိုင်ပါသည်။
Preflight scan completed.,အစမှစစ်ဆေးမှု ပြီးစီးပါပြီ။
Preparing required relationships.,လိုအပ်သော ဆက်နွယ်မှုများကို ပြင်ဆင်ခြင်း။
Preparing required thesauri values.,လိုအပ်သော အဓိပ္ပာယ်တူစာရင်းတန်ဖိုးများကို ပြင်ဆင်နေပါသည်။
Preserve,Preserve
Preserve Extension,Preserve Extension
Preserve Setup Description,သင့် Uwazi URL နှင့် TOKEN ကို သိပြီးသားဖြစ်ပါက အောက်ပါ လင့်ခ်ကို နှိပ်ပြီး လိုအပ်သည့် အချက်အလက်များကို ဖြည့်ပါ။
Press enter to add,ထည့်ရန် enter ကို နှိပ်ပါ
Preview,ကြိုကြည့်ရန်
Preview updates automatically (300ms debounce),ပြင်ဆင်ချက်များကို အလိုအလျောက် ကြိုကြည့်ရန် (၃၀၀ မီလီစက္ကန့် debounce ပါသည်)
Preview updates when the JSON is valid.,JSON မှန်ကန်သောအခါ အပ်ဒိတ်များကို ကြိုကြည့်ပါ။
Previous,ယခင်
Primary,အဓိက
Primary button,အဓိက ခလုတ်
Primary document,အဓိကစာရွက်စာတမ်း
Primary Documents,အဓိက စာရွက်စာတမ်းများ
Primary documents,အဓိကစာရွက်စာတမ်းများ
Priority sorting,ဦးစားပေးမှု ခွဲခြားခြင်း
Priority sorting description,ဦးစားပေးစီစဉ်ရန် အမှတ်အသားပြုထားသော ဂုဏ်သတ္တိများကို မူလ စီစဉ်မှု စံနှုန်းအဖြစ် အသုံးပြုမည်။  ဦးစားပေးစီစဉ်ရန် အမှတ်အသားပြုထားသော ဂုဏ်သတ္တိများ တစ်ခုထက်ပိုပါရှိပါက စနစ်သည် အကောင်းဆုံး ကိုက်ညီသည့် ဂုဏ်သတ္တိကို ရွေးယူရန် ကြိုးစားမည်။  ပေါင်းစပ်ထားသော ပုံစံအမျိုးအစားများကို စာရင်းပြုလုပ်သည့်အခါ စနစ်သည် အကောင်းဆုံး ပေါင်းစပ်ထားသော ဦးစားပေးစီစဉ်မှုကို ရွေးယူမည်။
Private,ပုဂ္ဂိုလ်ရေး
Private entities description,သတိပြုပါ: ရွေးချယ်ထားသော အဖွဲ့အစည်းများသည် **ပုဂ္ဂိုလ်ရေး** ဖြစ်ပါမည်။ ခွင့်ပြုထားသော အသုံးပြုသူများသာ ၎င်းတို့ကို မြင်နိုင်ပါမည်။
Process,လုပ်ဆောင်ပါ
Process extractor,ထုတ်ယူသူ လုပ်ဆောင်ပါ
Process selected,ရွေးချယ်ထားသည်များကို လုပ်ဆောင်ပါ
Processed,စိစစ်ပြီးစီး
Processed rows,စိစစ်ပြီးစီးသော တန်းများ
Processing,စီမံဆောင်ရွက်နေသည်
Progress,တိုးတက်မှု
Properties,ထူးခြားချက်များ
Properties from other templates in the collection using the same label,တူညီသော တံဆိပ်ကို သုံးထားသည့် စုစည်းမှုများရှိ အခြားပုံစံပြားများမှ ထူးခြားချက်များ
Properties from other templates in the collection using the same label.,စုစည်းမှုအတွင်း တူညီသော တံဆိပ်ပါသော အခြားပုံစံများမှ အင်္ဂါရပ်များ
"Properties marked as priority sorting will be used as default sorting criteria. If more than one property is marked as priority sorting the system will try to pick-up the best fit. When listing mixed template types, the system will pick-up the best combined priority sorting.",ဦးစားပေးစီစဉ်ရန် အမှတ်အသားပြုထားသော ဂုဏ်သတ္တိများကို မူလ စီစဉ်မှု စံနှုန်းအဖြစ် အသုံးပြုမည်။  ဦးစားပေးစီစဉ်ရန် အမှတ်အသားပြုထားသော ဂုဏ်သတ္တိများ တစ်ခုထက်ပိုပါရှိပါက စနစ်သည် အကောင်းဆုံး ကိုက်ညီသည့် ဂုဏ်သတ္တိကို ရွေးချယ်ရန် ကြိုးစားမည်။  ပေါင်းစပ်ပုံစံအမျိုးအစားများကို စာရင်းပြုလုပ်သည့်အခါ စနစ်သည် အကောင်းဆုံး ပေါင်းစပ် ဦးစားပေးစီစဉ်မှုကို ရွေးချယ်မည်။
Property,ပိုင်ဆိုင်မှု
Property as filter description,ဤဂုဏ်သတ္တိကို စာကြည့်တိုက်ရလဒ်များကို စစ်ထုတ်ရန် အသုံးပြုမည်။ ဂုဏ်သတ္တိများသည် အမည်နှင့် ကွင်းအမျိုးအစားအရ အခြားအဖွဲ့အစည်းအမျိုးအစားများနှင့် ကိုက်ညီပါက၊ စစ်ထုတ်မှုအတွက် ပေါင်းစပ်အသုံးပြုမည်။
property date,ရက်စွဲ
property daterange,ရက်စွဲအကွာအဝေး
property generatedid,ဖန်တီးထားသော ID
property geolocation,တည်နေရာရှာဖွေခြင်း
property image,ပုံ
property link,လင့်ခ်
property markdown,Rich Text
property media,မီဒီယာ
property multidate,တစ်ခုထက်ပိုသော ရက်စွဲ
property multidaterange,အချိန်ကာလအများအပြား
property multiselect,အများရွေးချယ်ခြင်း
property numeric,ဂဏန်းဆိုင်ရာ
property preview,ကြိုကြည့်ရန်
property relationship,ဆက်နွယ်မှု
property select,ရွေးချယ်ခြင်း
property text,စာသား
Property type,ပိုင်ဆိုင်မှု အမျိုးအစား
Protection,ကာကွယ်မှု
ProTip!,အထူးအကြံပြုချက်!
"Provide chart-ready data as JSON. Each series needs id, label, and a points array with
              label and value per row. Optional key on points helps stable colors.",ဂရပ်ဇယားပြင်ဆင်ရန် အသင့်ဖြစ်သော ဒေတာကို JSON အဖြစ် ပေးပါ။ စီးရီးတိုင်းတွင် id၊ label နှင့် တစ်ကြောင်းစီအတွက် label နှင့် value ပါဝင်သည့် points အစီအစဉ်တစ်ခု လိုအပ်ပါသည်။ points ပေါ်တွင် Optional key သတ်မှတ်ခြင်းက အရောင်များကို တည်ငြိမ်စေသည်။
Public entities description,သတိပြုပါ: ရွေးချယ်ထားသော အဖွဲ့အစည်းများသည် **အများပြည်သူမြင်သာမည့်** ဖြစ်ပါသည်။ မည်သူမဆို ၎င်းတို့ကို မြင်နိုင်ပါလိမ့်မည်။
Public form settings description,ဒီမှာ သင်သည် အများပြည်သူ ဖောင် ရောက်ရှိမည့်နေရာနှင့် ဖြူစာရင်းထဲရှိ တင်ပုံများကို စိတ်ကြိုက် ပြင်ဆင်နိုင်ပါသည်။
Public Form submit URL,အများပြည်သူ ဖောင် တင်သွင်းရန် URL
Public form URL description,သင်သည် အများပြည်သူအသုံးပြုနိုင်သော ဖောင်ကို ဖွဲ့စည်းပြီးဖြစ်ကာ တင်သွင်းချက်များကို အခြား Uwazi စုဆောင်းမှုတစ်ခုသို့ လက်ခံလိုပါက၊ ထိုစုဆောင်းမှု၏ URL ကို ဤနေရာတွင် ထည့်ပါ။
Public form whitelist description,သင့်စာမျက်နှာများတွင် Public Forms များ ထည့်သွင်းလိုပါက၊ Public Forms များ ထည့်သွင်းရန် မျှော်လင့်ထားသည့် တင်ပုံ ID များကို white-list ထဲသို့ ထည့်ရမည်။
Public instance,အများပြည်သူ Instance
Publish,ထုတ်ဝေရန်
Publish release,ထုတ်ပြန်ချက် ထုတ်ဝေခြင်း
Published,ထုတ်ဝေပြီး
Published and unpublished entities are counted.,ထုတ်ဝေပြီးသောနှင့် မထုတ်ဝေထားသေးသော အဖွဲ့အစည်းများအားလုံးကို ရေတွက်သည်။
QR Code,QR ကုဒ်
Query,မေးခွန်း
Queued,စောင့်နေသည်
RAW,မပြင်ဆင်ထားသော
"Re-runs the query against your current collection. Use this after importing
                        or editing entities—not when changing chart settings (save handles that).",သင့်လက်ရှိ စုစည်းမှုပေါ်တွင် မေးခွန်းကို ထပ်မံ ပြေးသည်။ အဖွဲ့အစည်းများကို တင်သွင်းခြင်း သို့မဟုတ် တည်းဖြတ်ပြီးနောက်တွင်သာ အသုံးပြုပါ—ဂရပ်ဇယားဆက်တင်များကို ပြောင်းလဲသည့်အခါ မဟုတ်ပါ (ထိုဆက်တင်များကို သိမ်းဆည်းရန် လက်ကိုင်များကိုသာ သိမ်းဆည်းပါ)။
Re-uploaded document,ပြန်တင်ထားသောစာရွက်စာတမ်း
Ready,ပြင်ဆင်ပြီး
Receiving email,အီးမေးလ် လက်ခံခြင်း
Receiving email description,သင့်မှာ ဆက်သွယ်ရန် ဖောင်တစ်ခုရှိပါက၊ ဤအီးမေးလ်လိပ်စာမှာ ဖောင်မှ ပေးပို့လာသော အချက်အလက်များအား လက်ခံရရှိပါမည်။
Recommended,အကြံပြုထားသည်
Reference,ရည်ညွှန်းချက်
References,ကိုးကားချက်များ
references,ကိုးကားချက်များ
Refresh,ပြန်လည်အသစ်ပြုလုပ်
"Refresh manually when you have added data and cannot wait for the next
                        scheduled run.",ဒေတာအသစ်ထည့်ပြီးနောက် နောက်တစ်ကြိမ် စီစဉ်ထားသော ပြေးစဉ်ကို မစောင့်နိုင်ပါက လက်ဖြင့် ပြန်လည်အသစ်ပြုလုပ်ပါ။
Refresh mode,ပြန်လည်အသစ်ပြုလုပ်ခြင်း မုဒ်
Reject,ငြင်းပယ်ရန်
Reject all,အားလုံးကို ငြင်းပယ်
Related entities created,ဆက်စပ်အဖွဲ့အစည်းများ ဖန်တီးပြီးပါပြီ။
Relation type,ဆက်နွယ်မှုအမျိုးအစား
Relationship,ဆက်နွှယ်မှု
Relationship created,ဆက်နွယ်မှု ဖန်တီးခဲ့သည်။
Relationship Type,ဆက်နွယ်မှုအမျိုးအစား
Relationship type,ဆက်နွယ်မှုအမျိုးအစား
Relationship type created successfully.,ဆက်နွယ်မှုအမျိုးအစားကို အောင်မြင်စွာ ဖန်တီးပြီးပါပြီ။
Relationship type name,ဆက်နွယ်မှုအမျိုးအစားအမည်
Relationship type name already exists,ဆက်နွယ်မှုအမျိုးအစားအမည်သည် ရှိပြီးသားဖြစ်သည်။
Relationship types,ဆက်နွှယ်မှု အမျိုးအစားများ
relationships,ဆက်နွှယ်မှုများ
Relationships,ဆက်နွှယ်မှုများ
Relationships saved,ဆက်နွယ်မှုများ သိမ်းဆည်းထားပါပြီ။
relationships? This action cannot be undone.,ဆက်နွယ်မှုများလား? ဤလုပ်ဆောင်ချက်ကို ပြန်လည်ပြုပြင်၍ မရပါ။
RelationType saved,RelationType သိမ်းဆည်းပြီး
Release message,ထုတ်ပြန်ချက်စာတို
Relevance,သက်ဆိုင်မှု
remaining,ကျန်ရှိနေခြင်း
remaining files,ကျန်ရှိသော ဖိုင်များ
Remote Server Unreachable,အဝေးဆာဗာ မရောက်နိုင်ပါ
Remove,ဖယ်ရှားရန်
Remove from connection,ချိတ်ဆက်မှုမှ ဖယ်ရှားပါ
Remove from training set,လေ့ကျင့်မှုအစုမှ ဖယ်ရှားပါ
remove icon,အိုင်ကွန် ဖယ်ရှားရန်
Remove icon,အိုင်ကွန် ဖယ်ရှားပါ
Removed language,ဖယ်ရှားထားသော ဘာသာစကား
Rename,အမည် ပြန်ပေးရန်
Renamed attachment,ပြန်အမည်ပေးထားသော ပူးတွဲဖိုင်
Repeat Password,စကားဝှက် ပြန်ရေးရန်
Request id #,ငြင်းပယ်ရန်
Request token,တိုကင် တောင်းဆိုပါ
Required,လိုအပ်သည်
Required property,လိုအပ်သော ထူးခြားချက်
Required relationships were prepared.,လိုအပ်သော ဆက်နွယ်မှုများကို ပြင်ဆင်ထားသည်။
Required thesauri values were prepared.,လိုအပ်သော အဓိပ္ပာယ်တူစာရင်းများကို ပြင်ဆင်ထားသည်။
Reset,ပြန်လည်သတ်မှတ်ရန်
Reset 2FA,2FA ကို ပြန်လည်သတ်မှတ်ရန်
Reset default translation,မူလဘာသာပြန်ဆိုမှုကို ပြန်လည်သတ်မှတ်ပါ။
Reset language,ဘာသာစကား ပြန်လည်သတ်မှတ်ရန်
Reset Password,စကားဝှက် ပြန်လည်သတ်မှတ်ရန်
Reset passwords,စကားဝှက်များ ပြန်လည်သတ်မှတ်ရန်
Resize panels,ပန်နယ်များ၏ အရွယ်အစား ပြောင်းရန်
Restore,ပြန်လည်ထူထောင်
Restore previous version,ယခင်ဗားရှင်းကို ပြန်လည်ထူထောင်ပါ။
Restricted,ကန့်သတ်ထားသည်
Retryable,ပြန်လည်ကြိုးစားနိုင်သော
Retrying,ထပ်မံကြိုးစားနေသည်
Return to login,လော့ဂ်အင်သို့ ပြန်သွားရန်
Review,ပြန်လည်သုံးသပ်ချက်
Reviewed,သုံးသပ်ပြီး
Role,အခန်းကဏ္ဍ
Room around every row,တန်းတိုင်းပတ်လည်တွင် နေရာလွတ် ပိုများသည်
Route,လမ်းကြောင်း
Row,တန်း
Row density,တန်း သိပ်သည်းမှု
Rows failed,တန်းများ မအောင်မြင်ခဲ့ပါ
Rows processed,စိစစ်ပြီးစီးသော တန်းများ
Sample,နမူနာ
Satellite,ဂြိုလ်တု
Save,သိမ်းဆည်းရန်
Save & Preview,သိမ်းပြီး ကြိုကြည့်ရန်
Save changes,အပြောင်းအလဲများကို သိမ်းဆည်းရန်
Save password,စကားဝှက် သိမ်းဆည်းရန်
Save the visualization before refreshing.,ပြန်လည်အသစ်တင်မပြုမီ မြင်ကွင်းကို သိမ်းဆည်းပါ။
Save the visualization to get embed code.,embed ကုဒ် ရယူရန် visualization ကို သိမ်းဆည်းပါ။
Save your work to make change permanent,ပြောင်းလဲမှုကို အမြဲတမ်း ထိန်းသိမ်းရန် သင့်အလုပ်ကို သိမ်းဆည်းပါ။
Saved successfully.,အောင်မြင်စွာ သိမ်းဆည်းပြီးပါပြီ။
Saved with warnings,သတိပေးချက်များဖြင့် သိမ်းဆည်းထားသည်
Saving,သိမ်းဆည်းခြင်း
Saving...,သိမ်းဆည်းနေသည်...
Scanning,စကင်ခြင်း
Scanning rows before import.,တင်သွင်းမတိုင်မီ အတန်းများကို စကင်ခြင်း။
Schedule,အချိန်ဇယား
Schedules run in UTC (Coordinated Universal Time).,အချိန်ဇယားများကို UTC (ညှိနှိုင်းထားသော ကမ္ဘာလုံးဆိုင်ရာ အချိန်) အရ လည်ပတ်သည်။
Search,ရှာဖွေရန်
"Search  •  AND, OR, NOT, ""exact"", wild*","ရှာဖွေ • AND၊ OR၊ NOT၊ ""တိကျသော"", wild*"
Search by title,ခေါင်းစဉ်ဖြင့် ရှာဖွေရန်
Search entities...,အဖွဲ့အစည်းများကို ရှာဖွေ...
Search entities…,အဖွဲ့အစည်းများကို ရှာဖွေ…
Search item,အိုင်တမ် ရှာရန်
Search related entities or documents,သက်ဆိုင်ရာ ဖြည့်သွင်းချက် သို့မဟုတ် စာရွက်စာတမ်းများကို ရှာရန်
Search relationships,ဆက်နွယ်မှုများကို ရှာဖွေပါ။
Search relevance,ရှာဖွေမှု ဆီလျော်ခြင်း
Search text,ရှာဖွေမှု စာသား
Search text description,ရလဒ်များ ရယူရန် ရှာဖွေရေးဘောက်စ်ထဲတွင် တစ်ခုခု ရိုက်ထည့်ပါ။
Search this document,ဤစာရွက်စာတမ်းတွင် ရှာဖွေပါ။
Search Tips,ရှာဖွေမှု အကြံပြုချက်များ
Search tips,ရှာဖွေရေး အကြံပြုချက်များ
Search Tips: boolean,"ဘူလီယန် ရှာဖွေမှုများအတွက် AND၊ OR နှင့် NOT ကို သုံးပါ။ ဥပမာ- ""အခြေအနေ AND အမျိုးသမီးများ NOT နီကာရာဂွာ"" ဆိုလျှင် အခြေအနေ နှင့် အမျိုးသမီးများ ဟူသော စကားလုံးနှစ်ခုလုံး ပါဝင်ပြီး နီကာရာဂွာ ဟူသော စကားလုံး လုံးဝ မပါဝင်သည့် အရာအားလုံးနှင့် ကိုက်ညီပါမည်။"
Search Tips: exact term,"သင့်ရှာဖွေမှု စာသားကို ကိုးကားပုဒ်ဖြင့် ခြံရံခြင်းဖြင့် တိကျသော စကားလုံး ကိုက်ညီမှုကို ရရှိနိုင်ပါသည်။ ဥပမာ- ""ကိုစတာရီကာ"" ဟု ကိုးကားပုဒ်ဖြင့် ရှာဖွေခြင်းသည် ကိုးကားပုဒ်မပါဘဲ ကိုစတာရီကာ ဟု ရှာဖွေခြင်းနှင့် မတူညီသော ရလဒ်များကို ပေးပါလိမ့်မည်။"
Search Tips: one char wildcard,"စာလုံးတစ်လုံးကိုယ်စားပြု ဝိုင်းကတ်အတွက် ? ကို သုံးပါ။ ဥပမာ- ""၁၉၈?"" ဆိုလျှင် ၁၉၈၀ မှ ၁၉၈၉ အထိသော နှစ်များအပြင် ၁၉၈a၊ ၁၉၈b စသည်တို့နှင့်လည်း ကိုက်ညီပါမည်။"
Search Tips: proximity,"အနီးအနားရှာဖွေမှုအတွက် ~ ကို သုံးပါ။ ဥပမာ- ""ဥပဒေရေးရာ အခြေအနေ""~၅ ဆိုလျှင် ဥပဒေရေးရာ နှင့် အခြေအနေ ဟူသော စကားလုံးနှစ်ခုလုံးကို စကားလုံး ၅ လုံး အကွာအဝေးအတွင်း ပါဝင်သော အရာအားလုံးကို ရှာဖွေပေးပါမည်၊ ဥပမာ- ""ဥပဒေရေးရာ ဆိုင်ရာ အခြေအနေ""၊ ""ဥပဒေရေးရာ နှင့် လူမှုရေး အခြေအနေ"" စသည်တို့ကဲ့သို့။"
Search Tips: wildcard,"ဝိုင်းကတ်ရှာဖွေမှုအတွက် * ကို သုံးပါ။ ဥပမာ- ""ဥပဒေ*"" ဆိုလျှင် ဥပဒေရေးရာလုပ်ပိုင်ခွင့်၊ ဥပဒေဆိုင်ရာ၊ ဥပဒေပညာရှင်၊ ဥပဒေဗေဒ စသော စကားလုံးများနှင့် ကိုက်ညီပါမည်။"
Search title & metadata,ခေါင်းစဉ်နှင့် မီတာဒေတာ ရှာဖွေခြင်း
Searching...,ရှာဖွေနေသည်...
Secondary button,ဒုတိယ ခလုတ်
Secret keys,လျှို့ဝှက်သော့များ
Security,လုံခြုံရေး
Select,ရွေးချယ်ပါ
Select & Search,ရွေးချယ်၍ ရှာဖွေခြင်း
"Select a dimension to see supported chart types, or use Metric for a total count.",ထောက်ပံ့ထားသည့် ဂရပ်ဇယားအမျိုးအစားများကို ကြည့်ရန် အတိုင်းအတာတစ်ခုကို ရွေးပါ၊ သို့မဟုတ် စုစုပေါင်းအရေအတွက်အတွက် Metric ကို အသုံးပြုပါ။
Select a document to connect to a specific paragraph,အထူးသတ်မှတ်ထားသော ပိုဒ်တစ်ခုနှင့် ချိတ်ဆက်ရန် စာရွက်စာတမ်းတစ်စောင်ကို ရွေးချယ်ပါ။
Select a file,ဖိုင်တစ်ခုကိုရွေးပါ
Select all,အားလုံးကို ရွေးရန်
Select an existing image,ရှိပြီးသား ပုံတစ်ပုံကို ရွေးပါ။
Select favicon image,ကြိုက်နှစ်သက်သော favicon ပုံကို ရွေးပါ။
Select files on your device,သင့်စက်ပေါ်ရှိ ဖိုင်များကို ရွေးချယ်ရန်
Select from computer,ကွန်ပျူတာမှရွေးချယ်ပါ
Select image,ပုံကိုရွေးပါ
Select media,မီဒီယာကိုရွေးပါ
Select relationship,ဆက်နွယ်မှုကိုရွေးချယ်ပါ
Select relationship type,ဆက်နွှယ်မှု အမျိုးအစား ရွေးချယ်ရန်
Select site logo image,ဆိုက်လိုဂိုပုံကိုရွေးချယ်ပါ
Select target document,ပစ်မှတ် စာရွက်စာတမ်းကို ရွေးပါ။
Select target entity,ပစ်မှတ်အဖွဲ့အစည်းကို ရွေးချယ်ပါ
Select target paragraph,ပစ်မှတ်ထား စာပိုဒ်ကို ရွေးချယ်ရန်
Select text in target document,ပစ်မှတ်စာရွက်တွင် စာသားကို ရွေးချယ်ပါ။
select text or a value,စာသား သို့မဟုတ် တန်ဖိုးကို ရွေးပါ။
Select the template to store the extracted paragraphs.,ထုတ်ယူထားသော ပိုဒ်များကို သိမ်းဆည်းရန် ပုံစံကို ရွေးပါ။
Select the template with the source documents.,မူလစာရွက်စာတမ်းများပါဝင်သည့် ပုံစံကို ရွေးပါ။
Select...,ရွေးချယ်ရန်...
Selected,ရွေးချယ်ထားသော
selected,ရွေးချယ်ပြီး
selected of,ရွေးချယ်ထားသည်
Selected or suggested,ရွေးချယ်ထားသော သို့မဟုတ် အကြံပြုထားသော
Selected templates,ရွေးချယ်ထားသော ပုံစံများ
Send,ပေးပို့ရန်
Send recovery email,ပြန်လည်ရယူရန်အတွက် အီးမေးလ် ပို့ရန်
Sending email,အီးမေးလ်ပို့ခြင်း
Sending email description,ဤသည်မှာ သင့် Uwazi စုစည်းမှုမှ မှတ်ပုံတင်ထားသော အသုံးပြုသူများထံ အီးမေးလ်ပို့သည့်အခါ ပို့သူအဖြစ် ပြသမည့် အီးမေးလ်လိပ်စာဖြစ်သည်။ မူလလိပ်စာမှာ *no-reply@uwazi.io* ဖြစ်သည်။ သင်နှစ်သက်ရာ အီးမေးလ်လိပ်စာကို ဤနေရာတွင် ထည့်သွင်း၍ ကိုယ်ပိုင်လိပ်စာ သတ်မှတ်နိုင်သည်။
Sending labeled data,အမှတ်အသားတပ်ထားသော ဒေတာ ပို့ခြင်း
Series,စီးရီး
Services,ဝန်ဆောင်မှုများ
Set as default,နဂိုမူလအဖြစ် သတ်မှတ်ရန်
Set default language,မူလဘာသာစကား သတ်မှတ်ပါ
Set default template,မူလပုံစံကို သတ်မှတ်ပါ။
Set the default starting point for your geolocation properties.,သင်၏ ပထဝီတည်နေရာထူးခြားချက်များအတွက် ပုံသေမူလ စမှတ်ကို သတ်မှတ်ပါ။
Settings,ဆက်တင်များ
settings,ဆက်တင်များ
Settings navigation active background,ဆက်တင်များ မီနူး လှုပ်ရှားနေသော နောက်ခံ
Settings sidebar background,ဆက်တင်များ ဘက်ဘား နောက်ခံ
Settings updated,ဆက်တင်များ အပ်ဒိတ်လုပ်ပြီးပါပြီ။
Share,မျှဝေရန်
Share edit access with other users,အခြားအသုံးပြုသူများနှင့် တည်းဖြတ်ခွင့်ကို မျှဝေပါ။
Share entities with the public,အဖွဲ့အစည်းများကို ပြည်သူများနှင့် မျှဝေပါ။
Share with people and groups,လူများနှင့် အုပ်စုများနှင့် မျှဝေရန်
Shared as editor,အယ်ဒီတာအဖြစ် မျှဝေသည်
Shared as viewer,ကြည့်ရှုသူအဖြစ် မျှဝေသည်
Show actions,လုပ်ဆောင်ချက်များကို ပြပါ။
Show cookie policy,ကွတ်ကီး မူဝါဒ ပြရန်
Show details,အသေးစိတ်ပြသပါ
Show filters,စစ်ထုတ်မှုများကို ပြရန်
Show in cards,ကဒ်များဖြင့် ပြသပါ
Show information,အချက်အလက်ပြသပါ
Show less,နည်းနည်းသာပြပါ
Show more,ပိုမိုပြသရန်
Show remaining in panel,ပန်နယ်တွင် ကျန်ရှိနေသည့် ပြသရန်
Show toolbar,ကိရိယာတန်းပြရန်
Showing,ပြသနေသည်
Showing the top,ထိပ်ဆုံးကို ပြနေသည်
shown of,ပြသထားသည််
Sign in,လက်မှတ်ထိုးဝင်ရန်
Simple mode,ရိုးရှင်းသော မုဒ်
Single relationships must have a hub,တစ်ခုချင်း ဆက်နွယ်မှုများတွင် hub တစ်ခုရှိရမည်။
Site logo description,"လိုဂိုကို သင့်စုစည်းမှုအမည်အနားရှိ ထိပ်ဆုံးဘားတွင် (အရွယ်အစား ခန့်မှန်း 200×32 ပစ်ကစ်) တွေ့မြင်ရပါမည်။

၁။ လိုအပ်ပါက Custom Uploads တွင် ပုံများ တင်ပါ။
၂။ ""Select site logo image"" ကို နှိပ်ပြီး ဖိုင်တစ်ခုကို ရွေးချယ်ပါ၍ Custom Uploads မှ ပုံများသာ စာရင်းထဲတွင် ပြထားပါမည်။"
Site logo no images hint,Custom Uploads မှ ပုံဖိုင်များ မတွေ့ရသေးပါ။ ပထမဦးစွာ PNG၊ SVG သို့မဟုတ် JPEG ပုံများကို ထိုနေရာတွင် ထည့်ပါ။
Size,အရွယ်အစား
Skip to main content,အဓိကအကြောင်းအရာသို့ တိုက်ရိုက်သွားပါ
Some tasks may take a while. Bert will reply when it's done.,အချို့တာဝန်တွေက အချိန်ယူနိုင်ပါတယ်။ ပြီးသွားရင် Bert က ပြန်ဖြေကြားပါလိမ့်မယ်။
Something went wrong,တစ်ခုခု မှားသွားသည်
Sort,အမျိုးအစားခွဲရန်
Sort ascending,တက်လာအောင် စီရန်
Sort descending,မြင့်မှ နိမ့်အလိုက် စီရန်
Sort:,စီစဉ်ရန်:
sorted by,ဤသို့ အမျိုးအစားခွဲထားသည်
Source,အရင်းအမြစ်
Source entity,အရင်းအမြစ်အဖွဲ့အစည်း
Source page,အရင်းအမြစ်စာမျက်နှာ
Source relationship type,အရင်းအမြစ် ဆက်နွယ်မှု အမျိုးအစား
Source template,အရင်းအမြစ် ပုံစံ
Source Template,အရင်းအမြစ် ပုံစံ
Source's role in the relationship Source-Target.,Source-Target ဆက်နွယ်မှုတွင် Source ၏ အခန်းကဏ္ဍ။
Stage,အဆင့်
stat*,stat*
State,ပြည်နယ်
Statistics,စာရင်းအင်း
Stats & Filters,စာရင်းအချက်အလက်များနှင့် စစ်ထုတ်စနစ်များ
Status,အခြေအနေ
status AND women NOT Nicaragua,အခြေအနေ AND အမျိုးသမီးများ NOT နီကာရာဂွာ
Stop filling,ဖြည့်ခြင်းကို ရပ်ပါ
Storage,သိုလှောင်မှု
Streets,လမ်းများ
Strict mode,တိကျသည့် မုဒ်
Style,စတိုင်
Submit,တင်သွင်းရန်
Submitted entity to a remote instance,အဖွဲ့အစည်းတစ်ခုကို ဝေးလံသော အင်စတန်စ်သို့ တင်သွင်းခဲ့သည်။
Submitting,တင်သွင်းနေသည်
Success,အောင်မြင်မှု
"Success, Upload another?",အောင်မြင်ပါပြီ၊ နောက်တစ်ခု တင်မလား?
Suggestion,အကြံပြုချက်
Suggestion:,အကြံပြုချက်:
Suggestions,အကြံပြုချက်များ
suggestions,အကြံပြုချက်များ
Suggestions sent,အကြံပြုချက်များ ပို့ပြီးပါပြီ။
Suggestions updated,အကြံပြုချက်များ ပြင်ဆင်ပြီးပါပြီ။
Supported chart types for manual data,လက်ဖြင့် ထည့်သွင်းသော ဒေတာအတွက် ထောက်ပံ့ထားသည့် ဂရပ်ဇယားအမျိုးအစားများ
Supported chart types for this configuration,ဤပြင်ဆင်မှုအတွက် ထောက်ပံ့ထားသော ဂရပ်ဇယားအမျိုးအစားများ
Supporting,ထောက်ပံ့ခြင်း
Supporting file,ထောက်ပံ့ဖိုင်
Supporting files,အထောက်အကူပြုဖိုင်များ
Synced template,ညှိနှိုင်းထားသော ပုံစံ
Synced Template,ညှိနှိုင်းထားသော ပုံစံ
Synced templates cannot be deleted.,ညှိနှိုင်းထားသော ပုံစံများကို ဖျက်၍ မရပါ။
System translations,စနစ်ဘာသာပြန်ချက်များ
Table,ဇယား
Table of Contents,မာတိကာ
Table of contents,မာတိကာ
Table of contents saved successfully,အကြောင်းအရာဇယားကို အောင်မြင်စွာ သိမ်းဆည်းပြီးပါပြီ။
Table view,ဇယားမြင်ကွင်း
Target entity,ပစ်မှတ်အဖွဲ့အစည်း
Target entity type,ပစ်မှတ်အဖွဲ့အစည်းအမျိုးအစား
Target relationship type,ပစ်မှတ် ဆက်နွယ်မှု အမျိုးအစား
Target Template,ပစ်မှတ်ပုံစံ
Target template,ပစ်မှတ်ပုံစံ
Target's role in the relationship Source-Target.,ဆက်နွယ်မှု Source-Target တွင် Target ၏ အခန်းကဏ္ဍ။
Target:,ပစ်မှတ်:
Tasks,တာဝန်များ
Template,ပုံစံပြား
Template changes are being applied to all related entities.,ပုံစံ ပြောင်းလဲမှုများကို ဆက်စပ်အဖွဲ့အစည်းများအားလုံးတွင် အသုံးချနေပါသည်။
Template color,ပုံစံ အရောင်
"Template colors apply when comparing data sources or when the dimension is entity
              type. Otherwise the chart palette is used as fallback.",ဒေတာရင်းမြစ်များကို နှိုင်းယှဉ်သည့်အခါ သို့မဟုတ် ဒိုင်မင်ရှင်းသည် entity type ဖြစ်သည့်အခါ တင်ပုံစံအရောင်များ သုံးစွဲသည်။ မဟုတ်ပါက ပြန်လည်အသုံးပြုရန် အဖြစ် ဂရပ်ဇယားအရောင်ပလိတ်ကို သုံးစွဲသည်။
Template conflict,ပုံစံ ပဋိပက္ခ
Template name,ပုံစံအမည်
Template name already exists,ပုံစံအမည်သည် ရှိပြီးသားဖြစ်သည်။
Template processing completed.,ပုံစံ ပြင်ဆင်ခြင်း ပြီးစီးပါပြီ။
Template saved successfully.,ပုံစံကို အောင်မြင်စွာ သိမ်းဆည်းပြီးပါပြီ။
Template with a long number of entities,ပုံစံ ပြောင်းလဲပြီး ဆက်စပ်အဖွဲ့အစည်းများကို ပြန်လည်ညွှန်းကပ်မည်ဖြစ်ပါသည်။ ဤလုပ်ငန်းစဉ်သည် မိနစ်အနည်းငယ်ကြာနိုင်ပါသည်။ ဆက်လက်လိုပါသလား?
Template(s),ပုံစံ(များ)
Template(s) deleted successfully.,ပုံစံများကို အောင်မြင်စွာ ဖျက်ပစ်ခဲ့သည်။
Templates,ပုံစံပြားများ
Templates:,ပုံစံများ:
Text,စာသား
Text references limit warning,စာသားရည်ညွှန်းချက်များကို ယာယီအနေဖြင့် အများဆုံး ၃၀၀ အထိသာ ကန့်သတ်ထားပါသည်။ ကျွန်ုပ်တို့သည် ဤပြဿနာအတွက် ပြင်ဆင်မှုကို လက်ရှိတွင် ဆောင်ရွက်နေပါသည်။
"The process of extracting the paragraphs has successfully started. Check the Status
              column for updates on the process.",အပိုဒ်များထုတ်ယူခြင်းလုပ်ငန်းစဉ်ကို အောင်မြင်စွာ စတင်ပြီးပါပြီ။ လုပ်ငန်းစဉ်အခြေအနေများအတွက် Status ကော်လံကို စစ်ဆေးပါ။
The request could not be processed.,တောင်းဆိုချက်ကို ဆောင်ရွက်၍ မရနိုင်ပါ။
The source of this template is a sync.,ဤပုံစံ၏ မူလအရင်းအမြစ်မှာ စင်ခ်တစ်ခုဖြစ်သည်။
The token does not validate against the secret key,Token သည် လျှို့ဝှက်သော့ဖြင့် မအတည်ပြုနိုင်ပါ။
The token does not validate against the secret key!,Token သည် လျှို့ဝှက်သော့ဖြင့် မအတည်ပြုနိုင်ပါ။
"the words together, in that order",စကားလုံးများကို အဲဒီအတိုင်း အတူတကွ
the words within 5 of each other,စကားလုံးများသည် တစ်ခုနှင့်တစ်ခု ၅ အတွင်းရှိသည်။
Theme and branding,အသွင်အပြင်နှင့် အမှတ်တံဆိပ် ဖန်တီးမှု
Theme colors,အသွင်အပြင် အရောင်များ
Theme colors imported,အသွင်အပြင် အရောင်များ တင်သွင်းပြီးပါပြီ။
Theme favicon,အသွင်အပြင် Favicon
Theme instance file invalid,Theme instance ဖိုင် မမှန်ကန်ပါ။
Theme logotype,အသွင်အပြင် အမှတ်တံဆိပ်
Theme presets,အသွင်အပြင် ကြိုတင်ညှိထားချက်များ
Theme preview,အသွင်အပြင် ကြိုကြည့်ခြင်း
Then by,ထို့နောက်ဖြင့်
There are no pages enabled for entity view,ဖြည့်သွင်းချက် မြင်ကွင်းအတွက် ဖွင့်ထားသော စာမျက်နှာများ မရှိပါ
There are no untranslated terms,ဘာသာမပြန်ထားသေးသော စကားလုံးများ မရှိပါ။
Thesauri,ဝေါဟာရပဒေသာကျမ်းများ
Thesauri added.,အဓိပ္ပာယ်တူစာရင်းများ ထည့်သွင်းထားသည်။
Thesauri deleted,အဓိပ္ပာယ်တူစာရင်းများ ဖျက်သွားသည်
Thesauri name,အဓိပ္ပာယ်တူစာရင်းအမည်
thesauri new group desc,အဓိပ္ပာယ်တူစာရင်းများ အုပ်စုအသစ် အောက်သို့
thesauri new item desc,အဓိပ္ပာယ်တူစာရင်းများ အသစ်သော အရာ ဖော်ပြချက်
Thesauri updated.,အဓိပ္ပာယ်တူစာရင်းများ အပ်ဒိတ်လုပ်ပြီးပါပြီ။
Thesauri values created,ဖန်တီးထားသော အဓိပ္ပာယ်တူစာရင်းများ၏ တန်ဖိုးများ
Thesaurus,အဓိပ္ပာယ်တူစာရင်း
Thesaurus created successfully.,အဓိပ္ပာယ်တူစာရင်းကို အောင်မြင်စွာ ဖန်တီးပြီးပါပြီ။
Thesaurus name,အဓိပ္ပာယ်တူစာရင်းအမည်
Thesaurus name already exists,အဓိပ္ပာယ်တူစာရင်းအမည်သည် ယခင်က ရှိပြီးသားဖြစ်သည်။
Thesaurus saved,ဝေါဟာရပဒေသာကျမ်း သိမ်းပြီး
This action may take some time while we add the extra language to the entire collection.,စုစည်းမှုတစ်ခုလုံးတွင် ထပ်ထည့်မည့် ဘာသာစကားများကြောင့် ဤလုပ်ငန်းစဉ်သည် အချိန်အနည်းငယ် ကြာနိုင်ပါသည်။
This area allows you to append custom Javascript to the page. This opens up a new universe of possibilities.,ဤဧရိယာသည် သင့်အား စာမျက်နှာသို့ စိတ်ကြိုက် Javascript ကို တွဲချိတ်ခွင့်ပြုသည်။ ၎င်းသည် ဖြစ်နိုင်ခြေအသစ်များစွာကို ပေါ်ပေါက်လာစေသည်။
This chart type cannot display the current data.,ဤဂရပ်ဇယားအမျိုးအစားသည် လက်ရှိဒေတာကို မပြသနိုင်ပါ။
"This chart type cannot display the current data. Pick a supported type in the Chart
              tab.",ဤဂရပ်ဇယားအမျိုးအစားသည် လက်ရှိဒေတာကို မပြသနိုင်ပါ။ Chart တက်ဘ်တွင် ထောက်ပံ့ထားသည့် အမျိုးအစားတစ်ခုကို ရွေးပါ။
"This chart type has no extra options. Select another chart type above if you need
            legend, labels, or data filters.",ဤဂရပ်ဇယားအမျိုးအစားတွင် ထပ်ဆောင်းရွေးချယ်စရာများ မရှိပါ။ အကယ်၍ အဓိပ္ပာယ်ဖော်ပြချက်၊ အမှတ်အသားများ သို့မဟုတ် ဒေတာ စစ်ထုတ်စနစ်များ လိုအပ်ပါက အထက်တွင် အခြားဂရပ်ဇယားအမျိုးအစားကို ရွေးချယ်ပါ။
This content is automatically generated,ဤအကြောင်းအရာကို အလိုအလျောက် ထုတ်လုပ်ထားသည်
This data visualization name already exists. Enter a unique name.,ဒီ ဒေတာမြင်ကွင်းအမည်သည် ရှိပြီးသားဖြစ်ပါသည်။ ထူးခြားသော အမည်တစ်ခု ထည့်ပါ။
"This entity has no document, you probably want to see the metadata",ဤဖြည့်သွင်းချက်တွင် စာရွက်စာတမ်းမရှိပါ၊ မီတာဒေတာကို သင်ကြည့်လိုက ကြည့်နိုင်သည်
This entity is restricted from public view.,ဤဖြည့်သွင်းချက်ကို အများမမြင်နိုင်အောင် ကန့်သတ်ထားသည်။
This field is required,ဤကွက်ကိုဖြည့်ရန်လိုအပ်ပါသည်။
This file could not be displayed. Try refreshing the page.,ဤဖိုင်ကို မပြသနိုင်ပါ။ စာမျက်နှာကို ပြန်လည်အသစ်တင်ကြည့်ပါ။
This file could not be opened. It may be corrupted or not a valid PDF.,ဤဖိုင်ကို ဖွင့်၍ မရပါ။ ဖျက်စီးသွားခြင်း သို့မဟုတ် တရားဝင် PDF မဟုတ်ခြင်း ဖြစ်နိုင်ပါသည်။
"This file is currently unavailable. Please contact your administrator if the issue
                  persists.",ဤဖိုင်ကို လောလောဆယ် မရရှိနိုင်ပါ။ ပြဿနာ ဆက်လက်ဖြစ်ပေါ်ပါက သင့်အုပ်ချုပ်သူထံ ဆက်သွယ်ပါ။
"This file is currently unavailable. Please contact your administrator if the issue
              persists.",ဤဖိုင်ကို လက်ရှိတွင် မရရှိနိုင်ပါ။ ပြဿနာ ဆက်လက်ဖြစ်နေပါက သင့်အုပ်ချုပ်သူထံ ဆက်သွယ်ပါ။
This file type is not supported on media fields,ဒီ ဖိုင်အမျိုးအစားကို မီဒီယာကွင်းများတွင် မထောက်ပံ့ပါ။
This group is empty,ဤအုပ်စုတွင် ဘာမျှ မရှိပါ။
This import is waiting in queue.,ဤတင်သွင်းမှုသည် စောင့်ဆိုင်းနေပါသည်။
This label already exists in this template,ဤပုံစံတွင် ဤအမှတ်တံဆိပ်သည် ရှိပြီးသားဖြစ်သည်။
This page does not need Markdown,ဤစာမျက်နှာတွင် Markdown မလိုအပ်ပါ။
"This page uses HTML only (Markdown is not processed). You can embed maps, charts, entity
          lists, and other components.",ဤစာမျက်နှာတွင် HTML ကိုသာ အသုံးပြုထားသည် (Markdown ကို မပြောင်းလဲဆောင်ရွက်ပါ)။ သင်သည် မြေပုံများ၊ ဂရပ်ဇယားများ၊ အဖွဲ့အစည်းစာရင်းများနှင့် အခြားအစိတ်အပိုင်းများကို ထည့်သွင်းနိုင်ပါသည်။
This property can not be deleted,ဤပိုင်ဆိုင်မှုကို ဖျက်၍ မရပါ။
This property will appear in the library cards as part of the basic info.,ဤထူးခြားချက်သည် အခြေခံအချက်အလက်၏ တစ်စိတ်တစ်ပိုင်းအဖြစ် စာကြည့်တိုက်ကတ်များတွင် ပေါ်လာပါမည်။
This property will be shown using all the width available.,ဤထူးခြားချက်ကို ရရှိနိုင်သော အကျယ်အားလုံးသုံးပြီး ပြသပါမည်။
This property will be shown without the label,ဤပိုင်ဆိုင်မှုကို တံဆိပ်မပါဘဲ ပြသမည်။
This property will be the default filter in the library for this template.,ဤပိုင်ဆိုင်မှုသည် ဤပုံစံအတွက် စာကြည့်တိုက်တွင် မူလစစ်ထုတ်အဖြစ် သတ်မှတ်ထားမည်။
"This property will be used for filtering the library results. When properties match in equal name and field type with other entity types, they will be combined for filtering.",ဤဂုဏ်သတ္တိကို စာကြည့်တိုက်ရလဒ်များကို စစ်ထုတ်ရန် အသုံးပြုမည်။ ဂုဏ်သတ္တိများသည် အမည်နှင့် ကွင်းအမျိုးအစားအရ အခြားအဖွဲ့အစည်းအမျိုးအစားများနှင့် ကိုက်ညီပါက၊ စစ်ထုတ်မှုအတွက် ပေါင်းစပ်အသုံးပြုမည်။
This search could not be completed. Try again later.,ဤရှာဖွေမှုကို ပြီးမြောက်၍ မရနိုင်ပါ။ နောက်မှ ထပ်မံကြိုးစားပါ။
"This site uses cookies for language preferences and analytics. Session cookies are only
            set when you log in.",ဤဆိုဒ်တွင် ဘာသာစကားရွေးချယ်မှုနှင့် ခွဲခြမ်းစိတ်ဖြာမှုအတွက် ကွတ်ကီးများကို အသုံးပြုသည်။ Session ကွတ်ကီးများကို သင်ဝင်ရောက်သည့်အခါမှသာ သတ်မှတ်သည်။
This table of contents was automatically created by the system.,ဤ အကြောင်းအရာစာရင်းကို စနစ်မှ အလိုအလျောက် ဖန်တီးထားသည်။
this template,ဤပုံစံ
This template is in use by existing entities and cannot be deleted.,ဤပုံစံကို လက်ရှိ အဖွဲ့အစည်းများက အသုံးပြုနေပြီး ဖျက်၍ မရပါ။
Thumbnail,သေးငယ်သောပုံ
Time,အချိန်
Time (UTC),အချိန် (UTC)
Timeline,အချိန်ကြောင်း
Timelinks,အချိန်လင့်ခ်များ
Timestamp,အချိန်တံဆိပ်
tips,အကြံပြုချက်များ
Title,ခေါင်းစဉ်
To,သို့
"To complete the account creation process, please create a password for your account",အကောင့်ဖန်တီးခြင်း လုပ်ငန်းစဉ် ပြီးမြောက်စေရန် ကျေးဇူးပြု၍ သင့်အကောင့်အတွက် စကားဝှက် ဖန်တီးပါ
to view your authentication code and verify your identity.,သင်၏ စစ်မှန်ကြောင်း အတည်ပြုကုဒ်ကို ကြည့်ရန်နှင့် သင့်ကိုယ်ပိုင်သင်္ကေတကို မှန်ကန်ကြောင်း စစ်ဆေးရန်။
Today,ယနေ့
Toggle relationship details,ဆက်နွယ်မှုအသေးစိတ် ဖွင့်/ပိတ်
Toggle timeline mode,အချိန်ကြောင်း မုဒ်ကို ပြောင်းလဲ
Tools,ကိရိယာများ
total entities,စုစုပေါင်း အဖွဲ့အစည်းများ
Total files,စုစုပေါင်း ဖိုင်များ
total files,စုစုပေါင်း ဖိုင်များ
"Total files from main documents, supporting files and uploads",အဓိက စာရွက်စာတမ်းများ၊ ထောက်ခံဖိုင်များနှင့် တင်သွင်းထားသော ဖိုင်များ၏ စုစုပေါင်း
Total imports,စုစုပေါင်း တင်သွင်းမှုများ
total users,စုစုပေါင်းအသုံးပြုသူများ
Train,လေ့ကျင့်ရန်
Train model,မော်ဒယ်လေ့ကျင့်ခြင်း
Train model description,စက်သင်ယူမော်ဒယ်များကို လေ့ကျင့်ခြင်းသည် အမှတ်အသားပြုထားသော ဒေတာပမာဏနှင့် တာဝန်ခက်ခဲမှုပေါ်မူတည်၍ မိနစ်အနည်းငယ်မှ နာရီနှစ်နာရီခန့်အထိ ကြာမြင့်နိုင်သည်။
Training,လေ့ကျင့်ရေး
Training model,လေ့ကျင့်မော်ဒယ်
Training sample,လေ့ကျင့်မှုနမူနာ
Translate,ဘာသာပြန်ရန်
Translating,Translating
Translation,ဘာသာပြန်ဆိုခြင်း
Translations,ဘာသာပြန်ဆိုချက်များ
Translations imported.,ဘာသာပြန်ချက်များ တင်သွင်းပြီးပါပြီ။
Translations reset successfully,ဘာသာပြန်ချက်များကို အောင်မြင်စွာ ပြန်လည်သတ်မှတ်ပြီးပါပြီ။
Translations saved,ဘာသာပြန်ဆိုချက်များ သိမ်းပြီး
Try a different search or clear filters.,ရှာဖွေမှုကို အခြားတစ်ခုဖြင့် ကြိုးစားပါ သို့မဟုတ် စစ်ထုတ်ကိရိယာများကို ဖျက်ပါ။
Turn off inline translation,အတွင်းတန်းဘာသာပြန်ဆိုမှုကို ပိတ်ပါ။
"Two categorical dimensions enable stacked bar charts (e.g. country with sex
              breakdown).",အမျိုးအစားနှစ်မျိုးသည် တစ်ထပ်တည်းထားသော ဘားဂရပ်ဇယားများ (ဥပမာ နိုင်ငံအလိုက် ကျားမ ခွဲခြားပြထားခြင်း) ကို ဖန်တီးနိုင်စေသည်။
Two-Factor Authentication,နှစ်ဆအတည်ပြုခြင်း
Two-factor authentication enabled,နှစ်ဆအတည်ပြုခြင်း ဖွင့်ထားသည်
Two-factor authentication failed.,နှစ်ဆအတည်ပြုခြင်း မအောင်မြင်ပါ။
Two-factor authentication secret,နှစ်ဆအတည်ပြုခြင်း လျှို့ဝှက်ချက်
Two-factor verification failed,နှစ်ဆင့်ခံ မှန်ကန်ကြောင်းစစ်ဆေးမှု မအောင်မြင်ပါ
Two-step verification,နှစ်ဆင့်ခံ မှန်ကန်ကြောင်းစစ်ဆေးမှု
Two-step verification token required,နှစ်ဆအတည်ပြုကုဒ်လိုအပ်ပါသည်။
Type,အမျိုးအစား
U,ယူ
"Unable to save, failed response",သိမ်းဆည်း၍ မရ၊ တုံ့ပြန်မှု မအောင်မြင်
Unauthorized,ခွင့်ပြုချက် မရှိပါ
Unexpected error,မမျှော်လင့်ထားသော အမှား
Uninstall,ဖျက်ပစ်
Uninstall language,ဘာသာစကား ဖျက်ခြင်း
Uninstalling language,ဘာသာစကား ဖျက်ခြင်း
Unknown entity,မသိသော အဖွဲ့အစည်း
Unknown template,မသိသော ပုံစံ
Unlink,ချိတ်ဆက်မှု ဖျက်ရန်
Unlock account,အကောင့်ဖွင့်ရန်
Unsaved changes,သိမ်းမထားသေးသော ပြောင်းလဲမှုများ
Unsupported OCR language,မထောက်ပံ့သော OCR ဘာသာစကား
Untitled,ခေါင်းစဉ်မပါ
Untranslated Terms,ဘာသာမပြန်ထားသေးသော စကားလုံးများ
Update,အပ်ဒိတ်လုပ်ရန်
UPDATE,အပ်ဒိတ်လုပ်ရန်
Update from collection,စုဆောင်းမှုမှ အပ်ဒိတ်
Update success,အပ်ဒိတ်အောင်မြင်ပါပြီ။
Updated,အပ်ဒိတ်လုပ်ထားသည်
Updated file,အပ်ဒိတ်လုပ်ထားသော ဖိုင်
Updated multiple entities,အဖွဲ့အစည်းများစွာကို အပ်ဒိတ်လုပ်ခဲ့သည်။
Updated permissions on entity,အဖွဲ့အစည်းပေါ်တွင် ခွင့်ပြုချက်များကို အပ်ဒိတ်လုပ်ခဲ့သည်။
Updated relationships,အပ်ဒိတ်လုပ်ထားသော ဆက်နွယ်မှုများ
Updated settings,အပ်ဒိတ်လုပ်ထားသော ဆက်တင်များ
Updated translations,အသစ်ပြင်ဆင်ထားသော ဘာသာပြန်ချက်များ
Updated user,အသစ်ပြင်ဆင်ထားသော အသုံးပြုသူ
Updating template properties across,ပုံစံ၏ ဂုဏ်သတ္တိများကို တစ်နေရာလုံးတွင် အပ်ဒိတ်လုပ်ခြင်း
Updating…,အပ်ဒိတ်လုပ်နေပါသည်…
Upload and select file,အပ်လုဒ်လုပ်ပြီး ဖိုင်ရွေးချယ်ရန်
Upload from computer,ကွန်ပျူတာမှ အပ်လုဒ်လုပ်ရန်
Upload image,ဓာတ်ပုံ တင်ပါ
Upload PDF,PDF အပ်လုဒ်လုပ်ရန်
Upload PDF(s) to create,PDF(များ) ဖန်တီးရန်အတွက် အပ်လုဒ်လုပ်ရန်
Uploaded attachment,တင်ထားသော ပူးတွဲဖိုင်
Uploaded custom file,စိတ်ကြိုက် ဖိုင်ကို တင်လိုက်ပါပြီ။
Uploaded document,တင်ထားသောစာရွက်စာတမ်း
Uploaded file,တင်ထားသော ဖိုင်
Uploading,အပ်လုဒ်လုပ်နေသည်
Uploading ...,အပ်လုဒ်လုပ်ဆဲ ...
Uploads,အပ်လုဒ်များ
URL,URL
Use,အသုံးပြုရန်
Use as filter,စစ်ထုတ်အဖြစ် အသုံးပြုပါ
Use for training,လေ့ကျင့်ရန် အသုံးပြုပါ
"Use this iframe on external sites. Change the locale query parameter in the URL if
                needed.",ဤ iframe ကို ပြင်ပဆိုဒ်များတွင် အသုံးပြုပါ။ လိုအပ်ပါက URL တွင် locale query parameter ကို ပြောင်းလဲပါ။
Use URL,URL ကို အသုံးပြုပါ
Used in templates and {n} refs — cannot delete,ပုံစံများနှင့် {n} ကိုးကားချက်များတွင် အသုံးပြုသည် — ဖျက်၍ မရနိုင်ပါ။
Used in templates — cannot delete,ပုံစံများတွင် အသုံးပြုထားသည် — ဖျက်၍ မရနိုင်ပါ။
Used in {n} refs — cannot delete,{n} ကိုးကားချက်များတွင် အသုံးပြုထားသည် — ဖျက်၍ မရနိုင်ပါ။
User,အသုံးပြုသူ
User Action,အသုံးပြုသူ လုပ်ဆောင်ချက်
User Role,အသုံးပြုသူ အခန်းကဏ္ဍ
User updated,အသုံးပြုသူ ပြင်ဆင်ထားသည်
Username,အသုံးပြုသူ အမည်
Username is required,အသုံးပြုသူ အမည် လိုအပ်သည်
Username is too long,အသုံးပြုသူအမည် ရှည်လွန်းသည်
Username is too short,အသုံးပြုသူအမည် တိုလွန်းသည်
"Username, email or group",အသုံးပြုသူအမည်၊ အီးမေးလ် သို့မဟုတ် အုပ်စု
Usernames cannot have spaces,အသုံးပြုသူအမည်များတွင် အကွာအဝေးများ မထည့်နိုင်ပါ။
Users,အသုံးပြုသူများ
Users & Groups,အသုံးပြုသူများနှင့်အုပ်စုများ
Using Authenticator,Authenticator ကို အသုံးပြုခြင်း
Using URLs,URL များကို အသုံးပြုခြင်း
Uwazi,Uwazi
Uwazi Docs,Uwazi Docs
Uwazi is developed by,Uwazi ကို တီထွင်ရေးသားသူမှာ
Uwazi UI,Uwazi UI
Validating,အတည်ပြုခြင်း
Validating file structure and headers.,ဖိုင်ဖွဲ့စည်းပုံနှင့် ခေါင်းစီးများကို အတည်ပြုခြင်း။
Value,တန်ဖိုး
Value cannot be transformed to the correct type,တန်ဖိုးကို မှန်ကန်သော အမျိုးအစားသို့ ပြောင်းလဲ၍ မရနိုင်ပါ။
values,တန်ဖိုးများ
"values are staged, not saved",တန်ဖိုးများ စောင့်ဆိုင်းနေဆဲဖြစ်ပြီး သိမ်းဆည်းမထားသေးပါ။
Verify,မှန်ကန်ကြောင်း စစ်ဆေးရန်
Verifying...,မှန်ကန်ကြောင်း စစ်ဆေးဆဲ...
via,မှတဆင့်
View,ကြည့်ရန်
view,ကြည့်ရန်
View entities,အဖွဲ့အစည်းများကို ကြည့်ရှုရန်
View entity,အဖွဲ့အစည်းကို ကြည့်ရန်
View in library,စာကြည့်တိုက်တွင် ကြည့်ရန်
View page,စာမျက်နှာ ကြည့်ရန်
Visibility,မြင်သာမှု
Visualization data updated from your collection.,သင့်စုဆောင်းမှုမှ ဒေတာကို မြင်ကွင်းဖော်ပြချက်အဖြစ် အပ်ဒိတ်လုပ်ထားသည်။
WARNING,သတိပေးချက်
Warning: you are editing multiple entities. Fields marked with a,သတိပေးချက်- သင်သည် ဖြည့်သွင်းချက်များစွာကို တည်းဖြတ်နေသည်။ ဤသို့ မှတ်သားထားသော အကွက်များတွင်
We can't find the page you're looking for.,သင်ရှာဖွေနေသည့် စာမျက်နှာကို မတွေ့နိုင်ပါ။
Welcome to Uwazi,Uwazi မှ ကြိုဆိုပါသည်
"Well, this is awkward...",အင်း၊ ဒါက ထူးဆန်းပါတယ်...
"When enabled, visitors must accept or reject non-essential cookies before they are set.
    Analytics and language preference cookies are blocked until accepted.","ဖွင့်ထားပါက ဧည့်သည်များသည် မလိုအပ်သော ကွတ်ကီးများကို သတ်မှတ်မပြုမီ လက်ခံ သို့မဟုတ် ငြင်းပယ်ရမည်။
    ခွဲခြမ်းစိတ်ဖြာခြင်းနှင့် ဘာသာစကားရွေးချယ်မှု ကွတ်ကီးများကို လက်ခံသည်အထိ ပိတ်ဆို့ထားသည်။"
Whitelisted templates,အဖြူစာရင်းဝင် ပုံစံများ
wildcard,ဝိုင်လ်ဒ်ကတ်
wildcard (many chars),ဝိုင်လ်ဒ်ကတ် (အက္ခရာများစွာ)
wildcard (one char),ဝိုင်လ်ဒ်ကတ် (တစ်အက္ခရာ)
"Will attempt to fill the container, using its entire width. In cards, cropping is likely to occur.",ကွန်တိန်နာကို ၎င်း၏ အကျယ်တစ်ခုလုံးဖြင့် ဖြည့်ရန် ကြိုးစားမည်။ ကတ်များတွင် ဖြတ်တောက်ခြင်း ဖြစ်နိုင်သည်။
will be updated with the same value.,တူညီသော တန်ဖိုးဖြင့် အပ်ဒိတ်လုပ်ပါမည်။
Will show the entire media inside the container.,ကွန်တိန်နာအတွင်းရှိ မီဒီယာအားလုံးကို ပြသမည်။
with,ဖြင့်
With great power comes great responsibility!,လုပ်ပိုင်ခွင့်ကြီးလျှင် တာဝန်ပိုကြီးသည်!
wom?n,wom?n
x,အက်စ်
x less,x လျော့
x more,x ပို
Year,နှစ်
Yes,ဟုတ်ကဲ့
You can add one or many items in this form.,ဤဖောင်တွင် ပစ္စည်းတစ်ခု သို့မဟုတ် အများအပြား ထည့်နိုင်သည်။
You can also enter this secret key into your Authenticator app.,သင်သည် Authenticator အက်ပ်တွင်လည်း ဤလျှို့ဝှက်ကုဒ်ကို ထည့်သွင်းနိုင်ပါသည်။
You can create metadata templates in,သင်သည် ဤနေရာတွင် မီတာဒေတာ ပုံစံပြားများကို ဖန်တီးနိုင်သည်
"You can embed advanced components like maps, charts and entity lists in your page.",သင်သည် သင့်စာမျက်နှာတွင် မြေပုံများ၊ ဂရပ်ဇယားများနှင့် အဖွဲ့အစည်းစာရင်းများကဲ့သို့ တိုးတက်မြင့်မားသော အစိတ်အပိုင်းများကို ထည့်သွင်းနိုင်သည်။
You do not have write permission on all entities,သင်တွင် အဖွဲ့အစည်းအားလုံးတွင် ရေးခွင့် မရှိပါ။
You have unsaved changes. Discard them? This action cannot be undone.,သင်တွင် သိမ်းဆည်းမထားသေးသော ပြင်ဆင်ချက်များ ရှိသည်။ ဖျက်ပစ်မလား။ ဤ လုပ်ဆောင်ချက်ကို ပြန်မလုပ်နိုင်ပါ။
You have unsaved changes. Do you want to continue?,သင်တွင် သိမ်းဆည်းမထားသေးသော ပြောင်းလဲမှုများ ရှိနေပါသည်။ ဆက်လက်လိုပါသလား။
You should activate this feature for enhanced account security,အကောင့် လုံခြုံရေး ပိုမိုကောင်းမွန်စေရန် ဤအပြင်အဆင်ကို သင် သက်ဝင်လုပ်ဆောင်သင့်သည်
You should activate this feature for enhanced account security.,အကောင့်လုံခြုံရေးကို ပိုမိုကောင်းမွန်စေရန် ဤအင်္ဂါရပ်ကို ဖွင့်ထားသင့်သည်။
You won't be able to save an entity if this property is empty.,ဤဂုဏ်သတ္တိသည် ဗလာဖြစ်နေပါက အဖွဲ့အစည်းကို သိမ်းဆည်း၍ မရနိုင်ပါ။
You're all caught up,သင် လုပ်ဆောင်စရာ အားလုံး ပြီးသွားပါပြီ။
Your account's security is enhanced with two-factor authentication.,သင့်အကောင့်၏လုံခြုံရေးကို နှစ်ဆအတည်ပြုစနစ်ဖြင့် ပိုမိုတိုးမြှင့်ထားသည်။
Z → A,Z သို့ A
Zoom in,ချုံ့သည်
Zoom in library view,စာကြည့်တိုက် မြင်ကွင်းကို ချုံ့သည်
Zoom out,ချဲ့သည်
Zoom out library view,စာကြည့်တိုက် မြင်ကွင်းကို ချဲ့သည်
